ranking,imdbID,title,year,rating,runtime,genre,director,cast,imdbRating,poster,language,country
1,68646,The Godfather,1972,R,175 min,"Crime, Drama",Francis Ford Coppola,"Marlon Brando, Al Pacino, James Caan, Richard S. Castellano",9.2,https://m.media-amazon.com/images/M/MV5BMjEyMjcyNDI4MF5BMl5BanBnXkFtZTcwMDA5Mzg3OA@@._V1_SX300.jpg,"English, Italian, Latin",USA
2,102926,The Silence of the Lambs,1991,R,118 min,"Crime, Drama, Thriller",Jonathan Demme,"Jodie Foster, Lawrence A. Bonney, Kasi Lemmons, Lawrence T. Wrentz",8.6,https://m.media-amazon.com/images/M/MV5BMTQ2NzkzMDI4OF5BMl5BanBnXkFtZTcwMDA0NzE1NA@@._V1_SX300.jpg,English,USA
3,80684,Star Wars: Episode V - The Empire Strikes Back,1980,PG,124 min,"Action, Adventure, Fantasy",Irvin Kershner,"Mark Hamill, Harrison Ford, Carrie Fisher, Billy Dee Williams",8.8,https://m.media-amazon.com/images/M/MV5BMjE2MzQwMTgxN15BMl5BanBnXkFtZTcwMDQzNjk2OQ@@._V1_SX300.jpg,English,USA
4,111161,The Shawshank Redemption,1994,R,142 min,"Crime, Drama",Frank Darabont,"Tim Robbins, Morgan Freeman, Bob Gunton, William Sadler",9.3,https://m.media-amazon.com/images/M/MV5BODU4MjU4NjIwNl5BMl5BanBnXkFtZTgwMDU2MjEyMDE@._V1_SX300.jpg,English,USA
5,81505,The Shining,1980,R,146 min,Horror,Stanley Kubrick,"Jack Nicholson, Shelley Duvall, Danny Lloyd, Scatman Crothers",8.4,https://m.media-amazon.com/images/M/MV5BODMxMjE3NTA4Ml5BMl5BanBnXkFtZTgwNDc0NTIxMDE@._V1_SX300.jpg,English,"USA, UK"
6,34583,Casablanca,1942,PG,102 min,"Drama, Romance, War",Michael Curtiz,"Humphrey Bogart, Ingrid Bergman, Paul Henreid, Claude Rains",8.6,https://m.media-amazon.com/images/M/MV5BMjQwNDYyNTk2N15BMl5BanBnXkFtZTgwMjQ0OTMyMjE@._V1_SX300.jpg,"English, French, German, Italian",USA
7,73486,One Flew Over the Cuckoo's Nest,1975,R,133 min,Drama,Milos Forman,"Michael Berryman, Peter Brocco, Dean R. Brooks, Alonzo Brown",8.7,https://m.media-amazon.com/images/M/MV5BMTk5OTA4NTc0NF5BMl5BanBnXkFtZTcwNzI5Mzg3OA@@._V1_SX300.jpg,English,USA
8,82971,Raiders of the Lost Ark,1981,PG,115 min,"Action, Adventure",Steven Spielberg,"Harrison Ford, Karen Allen, Paul Freeman, Ronald Lacey",8.6,https://m.media-amazon.com/images/M/MV5BMjA0ODEzMTc1Nl5BMl5BanBnXkFtZTcwODM2MjAxNA@@._V1_SX300.jpg,"English, German, Hebrew, Spanish, Arabic, Nepali",USA
9,167260,The Lord of the Rings: The Return of the King,2003,PG-13,201 min,"Adventure, Fantasy",Peter Jackson,"Noel Appleby, Ali Astin, Sean Astin, David Aston",8.9,https://m.media-amazon.com/images/M/MV5BMjE4MjA1NTAyMV5BMl5BanBnXkFtZTcwNzM1NDQyMQ@@._V1_SX300.jpg,"English, Quenya, Old English, Sindarin","USA, New Zealand"
10,76759,Star Wars,1977,PG,121 min,"Action, Adventure, Fantasy",George Lucas,"Mark Hamill, Harrison Ford, Carrie Fisher, Peter Cushing",8.7,https://m.media-amazon.com/images/M/MV5BMTU4NTczODkwM15BMl5BanBnXkFtZTcwMzEyMTIyMw@@._V1_SX300.jpg,English,USA
11,468569,The Dark Knight,2008,PG-13,152 min,"Action, Crime, Drama",Christopher Nolan,"Christian Bale, Heath Ledger, Aaron Eckhart, Michael Caine",9,https://m.media-amazon.com/images/M/MV5BMTMxNTMwODM0NF5BMl5BanBnXkFtZTcwODAyMTk2Mw@@._V1_SX300.jpg,"English, Mandarin","USA, UK"
12,71562,The Godfather: Part II,1974,R,200 min,"Crime, Drama",Francis Ford Coppola,"Al Pacino, Robert Duvall, Diane Keaton, Robert De Niro",9.1,https://m.media-amazon.com/images/M/MV5BNDc2NTM3MzU1Nl5BMl5BanBnXkFtZTcwMTA5Mzg3OA@@._V1_SX300.jpg,"English, Italian, Spanish, Latin, Sicilian",USA
13,90605,Aliens,1986,R,137 min,"Action, Horror, Sci-Fi",James Cameron,"Sigourney Weaver, Carrie Henn, Michael Biehn, Paul Reiser",8.4,https://m.media-amazon.com/images/M/MV5BMTYzNzU5MzQ4OV5BMl5BanBnXkFtZTcwMDcxNDg3OA@@._V1_SX300.jpg,English,"USA, UK"
14,108052,Schindler's List,1993,R,195 min,"Biography, Drama, History",Steven Spielberg,"Liam Neeson, Ben Kingsley, Ralph Fiennes, Caroline Goodall",8.9,https://m.media-amazon.com/images/M/MV5BMzMwMTM4MDU2N15BMl5BanBnXkFtZTgwMzQ0MjMxMDE@._V1_SX300.jpg,"English, Hebrew, German, Polish",USA
15,1375666,Inception,2010,PG-13,148 min,"Action, Mystery, Sci-Fi",Christopher Nolan,"Leonardo DiCaprio, Joseph Gordon-Levitt, Ellen Page, Tom Hardy",8.8,https://m.media-amazon.com/images/M/MV5BMjAxMzY3NjcxNF5BMl5BanBnXkFtZTcwNTI5OTM0Mw@@._V1_SX300.jpg,"English, Japanese, French","USA, UK"
16,120737,The Lord of the Rings: The Fellowship of the Ring,2001,PG-13,178 min,"Adventure, Fantasy",Peter Jackson,"Alan Howard, Noel Appleby, Sean Astin, Sala Baker",8.8,https://m.media-amazon.com/images/M/MV5BNTEyMjAwMDU1OV5BMl5BanBnXkFtZTcwNDQyNTkxMw@@._V1_SX300.jpg,"English, Sindarin","New Zealand, USA"
17,78748,Alien,1979,R,117 min,"Horror, Sci-Fi",Ridley Scott,"Tom Skerritt, Sigourney Weaver, Veronica Cartwright, Harry Dean Stanton",8.5,https://m.media-amazon.com/images/M/MV5BMTU1ODQ4NjQyOV5BMl5BanBnXkFtZTgwOTQ3NDU2MTE@._V1_SX300.jpg,"English, Spanish","USA, UK"
18,53291,Some Like It Hot,1959,NOT RATED,120 min,Comedy,Billy Wilder,"Marilyn Monroe, Tony Curtis, Jack Lemmon, George Raft",8.3,https://m.media-amazon.com/images/M/MV5BNzYzMDkzNDQ0N15BMl5BanBnXkFtZTcwNzQ0NDQyNA@@._V1_SX300.jpg,English,USA
19,83658,Blade Runner,1982,R,117 min,"Sci-Fi, Thriller",Ridley Scott,"Harrison Ford, Rutger Hauer, Sean Young, Edward James Olmos",8.2,https://m.media-amazon.com/images/M/MV5BMTA4MDQxNTk2NDheQTJeQWpwZ15BbWU3MDE2NjIyODk@._V1_SX300.jpg,"English, German, Cantonese, Japanese, Hungarian","USA, Hong Kong, UK"
20,114369,Se7en,1995,R,127 min,"Drama, Mystery, Thriller",David Fincher,"Morgan Freeman, Andrew Kevin Walker, Daniel Zacapa, Brad Pitt",8.6,https://m.media-amazon.com/images/M/MV5BMTQwNTU3MTE4NF5BMl5BanBnXkFtZTcwOTgxNDM2Mg@@._V1_SX300.jpg,English,USA
21,78788,Apocalypse Now,1979,R,153 min,"Drama, War",Francis Ford Coppola,"Marlon Brando, Martin Sheen, Robert Duvall, Frederic Forrest",8.5,https://m.media-amazon.com/images/M/MV5BMTcyMzQ5NDM4OV5BMl5BanBnXkFtZTcwODUwNDg3OA@@._V1_SX300.jpg,"English, French, Vietnamese, Khmer",USA
22,50083,12 Angry Men,1957,NOT RATED,96 min,"Crime, Drama",Sidney Lumet,"Martin Balsam, John Fiedler, Lee J. Cobb, E.G. Marshall",8.9,https://m.media-amazon.com/images/M/MV5BODQwOTc5MDM2N15BMl5BanBnXkFtZTcwODQxNTEzNA@@._V1_SX300.jpg,English,USA
23,167261,The Lord of the Rings: The Two Towers,2002,PG-13,179 min,"Adventure, Fantasy",Peter Jackson,"Bruce Allpress, Sean Astin, John Bach, Sala Baker",8.7,https://m.media-amazon.com/images/M/MV5BMTAyNDU0NjY4NTheQTJeQWpwZ15BbWU2MDk4MTY2Nw@@._V1_SX300.jpg,"English, Sindarin, Old English","USA, New Zealand"
24,103064,Terminator 2: Judgment Day,1991,R,137 min,"Action, Sci-Fi",James Cameron,"Arnold Schwarzenegger, Linda Hamilton, Edward Furlong, Robert Patrick",8.5,https://m.media-amazon.com/images/M/MV5BMTg5NzUwMDU5NF5BMl5BanBnXkFtZTcwMjk2MDA4Mg@@._V1_SX300.jpg,"English, Spanish","USA, France"
25,86190,Star Wars: Episode VI - Return of the Jedi,1983,PG,134 min,"Action, Adventure, Fantasy",Richard Marquand,"Mark Hamill, Harrison Ford, Carrie Fisher, Billy Dee Williams",8.4,"https://m.media-amazon.com/images/M/MV5BMTQ0MzI1NjYwOF5BMl5BanBnXkFtZTgwODU3NDU2MTE@._V1._CR93,97,1209,1861_SX89_AL_.jpg_V1_SX300.jpg",English,USA
26,95016,Die Hard,1988,R,131 min,"Action, Thriller",John McTiernan,"Bruce Willis, Bonnie Bedelia, Reginald VelJohnson, Paul Gleason",8.3,https://m.media-amazon.com/images/M/MV5BMTY4ODM0OTc2M15BMl5BanBnXkFtZTcwNzE0MTk3OA@@._V1_SX300.jpg,"English, German, Italian",USA
27,31381,Gone with the Wind,1939,G,238 min,"Drama, Romance, War","Victor Fleming, George Cukor, Sam Wood","Thomas Mitchell, Barbara O'Neil, Vivien Leigh, Evelyn Keyes",8.2,https://m.media-amazon.com/images/M/MV5BNDUwMjAxNTU1MF5BMl5BanBnXkFtZTgwMzg4NzMxMDE@._V1_SX300.jpg,English,USA
28,75314,Taxi Driver,1976,R,113 min,"Crime, Drama",Martin Scorsese,"Diahnne Abbott, Frank Adu, Victor Argo, Gino Ardito",8.4,https://m.media-amazon.com/images/M/MV5BMTQ1Nzg3MDQwN15BMl5BanBnXkFtZTcwNDE2NDU2MQ@@._V1_SX300.jpg,"English, Spanish",USA
29,110912,Pulp Fiction,1994,R,154 min,"Crime, Drama",Quentin Tarantino,"Tim Roth, Amanda Plummer, Laura Lovelace, John Travolta",8.9,https://m.media-amazon.com/images/M/MV5BMjE0ODk2NjczOV5BMl5BanBnXkFtZTYwNDQ0NDg4._V1_SX300.jpg,"English, Spanish, French",USA
30,50212,The Bridge on the River Kwai,1957,APPROVED,161 min,"Adventure, Drama, War",David Lean,"William Holden, Alec Guinness, Jack Hawkins, Sessue Hayakawa",8.2,https://m.media-amazon.com/images/M/MV5BMTc2NzA0NTEwNF5BMl5BanBnXkFtZTcwMzA0MTk3OA@@._V1_SX300.jpg,"English, Japanese, Thai","UK, USA"
31,110357,The Lion King,1994,G,89 min,"Animation, Adventure, Drama","Roger Allers, Rob Minkoff","Jonathan Taylor Thomas, Matthew Broderick, James Earl Jones, Jim Cummings",8.5,https://m.media-amazon.com/images/M/MV5BMjEyMzgwNTUzMl5BMl5BanBnXkFtZTcwNTMxMzM3Ng@@._V1_SX300.jpg,"English, Swahili, Xhosa, Zulu",USA
32,53125,North by Northwest,1959,APPROVED,136 min,"Adventure, Mystery, Thriller",Alfred Hitchcock,"Cary Grant, Eva Marie Saint, James Mason, Jessie Royce Landis",8.4,https://m.media-amazon.com/images/M/MV5BMjQwMTQ0MzgwNl5BMl5BanBnXkFtZTgwNjc4ODE4MzE@._V1_SX300.jpg,English,USA
33,47396,Rear Window,1954,APPROVED,112 min,"Mystery, Thriller",Alfred Hitchcock,"James Stewart, Grace Kelly, Wendell Corey, Thelma Ritter",8.6,https://m.media-amazon.com/images/M/MV5BMTg5MjM4NzEwOF5BMl5BanBnXkFtZTgwMDE1NjM0MTE@._V1_SX300.jpg,English,USA
34,110413,L�on: The Professional,1994,R,110 min,"Crime, Drama, Thriller",Luc Besson,"Jean Reno, Gary Oldman, Natalie Portman, Danny Aiello",8.6,https://m.media-amazon.com/images/M/MV5BMTgzMzg4MDkwNF5BMl5BanBnXkFtZTcwODAwNDg3OA@@._V1_SX300.jpg,"English, Italian, French",France
35,88763,Back to the Future,1985,PG,116 min,"Adventure, Comedy, Sci-Fi",Robert Zemeckis,"Michael J. Fox, Christopher Lloyd, Lea Thompson, Crispin Glover",8.5,https://m.media-amazon.com/images/M/MV5BMjA5NTYzMDMyM15BMl5BanBnXkFtZTgwNjU3NDU2MTE@._V1_SX300.jpg,English,USA
36,33467,Citizen Kane,1941,APPROVED,119 min,"Drama, Mystery",Orson Welles,"Joseph Cotten, Dorothy Comingore, Agnes Moorehead, Ruth Warrick",8.4,https://m.media-amazon.com/images/M/MV5BMTQ2Mjc1MDQwMl5BMl5BanBnXkFtZTcwNzUyOTUyMg@@._V1_SX300.jpg,English,USA
37,99685,Goodfellas,1990,R,146 min,"Biography, Crime, Drama",Martin Scorsese,"Robert De Niro, Ray Liotta, Joe Pesci, Lorraine Bracco",8.7,https://m.media-amazon.com/images/M/MV5BMTY2OTE5MzQ3MV5BMl5BanBnXkFtZTgwMTY2NTYxMTE@._V1_SX300.jpg,"English, Italian",USA
38,209144,Memento,2000,R,113 min,"Mystery, Thriller",Christopher Nolan,"Guy Pearce, Carrie-Anne Moss, Joe Pantoliano, Mark Boone Junior",8.5,https://m.media-amazon.com/images/M/MV5BMTc4MjUxNDAwN15BMl5BanBnXkFtZTcwMDMwNDg3OA@@._V1_SX300.jpg,English,USA
39,169547,American Beauty,1999,R,122 min,"Drama, Romance",Sam Mendes,"Kevin Spacey, Annette Bening, Thora Birch, Wes Bentley",8.4,https://m.media-amazon.com/images/M/MV5BMjM4NTI5NzYyNV5BMl5BanBnXkFtZTgwNTkxNTYxMTE@._V1_SX300.jpg,English,USA
40,119822,As Good as It Gets,1997,PG-13,139 min,"Comedy, Drama, Romance",James L. Brooks,"Jack Nicholson, Helen Hunt, Greg Kinnear, Cuba Gooding Jr.",7.8,https://m.media-amazon.com/images/M/MV5BMTc0Nzc5MDEzN15BMl5BanBnXkFtZTcwMjc2NTEyMQ@@._V1_SX300.jpg,English,USA
41,109830,Forrest Gump,1994,PG-13,142 min,"Drama, Romance",Robert Zemeckis,"Tom Hanks, Rebecca Williams, Sally Field, Michael Conner Humphreys",8.8,https://m.media-amazon.com/images/M/MV5BMTQwMTA5MzI1MF5BMl5BanBnXkFtZTcwMzY5Mzg3OA@@._V1_SX300.jpg,English,USA
42,45152,Singin' in the Rain,1952,APPROVED,103 min,"Comedy, Musical, Romance","Stanley Donen, Gene Kelly","Gene Kelly, Donald O'Connor, Debbie Reynolds, Jean Hagen",8.4,https://m.media-amazon.com/images/M/MV5BMTUxMTIyNTI4Nl5BMl5BanBnXkFtZTcwNTk1ODQyMg@@._V1_SX300.jpg,English,USA
43,112573,Braveheart,1995,R,178 min,"Biography, Drama, History",Mel Gibson,"James Robinson, Sean Lawlor, Sandy Nelson, James Cosmo",8.4,https://m.media-amazon.com/images/M/MV5BNjA4ODYxMDU3Nl5BMl5BanBnXkFtZTcwMzkzMTk3OA@@._V1_SX300.jpg,"English, French, Latin, Scottish Gaelic",USA
44,120815,Saving Private Ryan,1998,R,169 min,"Action, Drama, War",Steven Spielberg,"Tom Hanks, Tom Sizemore, Edward Burns, Barry Pepper",8.6,https://m.media-amazon.com/images/M/MV5BNjczODkxNTAxN15BMl5BanBnXkFtZTcwMTcwNjUxMw@@._V1_SX300.jpg,"English, French, German, Czech",USA
45,95953,Rain Man,1988,R,133 min,Drama,Barry Levinson,"Dustin Hoffman, Tom Cruise, Valeria Golino, Gerald R. Molen",8,https://m.media-amazon.com/images/M/MV5BMTQ4NTA1NDU3NV5BMl5BanBnXkFtZTcwODUwMTU2NA@@._V1_SX300.jpg,"English, Italian",USA
46,1504320,The King's Speech,2010,R,118 min,"Biography, Drama, History",Tom Hooper,"Colin Firth, Helena Bonham Carter, Derek Jacobi, Robert Portal",8.1,https://m.media-amazon.com/images/M/MV5BMzU5MjEwMTg2Nl5BMl5BanBnXkFtZTcwNzM3MTYxNA@@._V1_SX300.jpg,English,"UK, USA, Australia"
47,62622,2001: A Space Odyssey,1968,G,160 min,"Mystery, Sci-Fi",Stanley Kubrick,"Keir Dullea, Gary Lockwood, William Sylvester, Daniel Richter",8.3,https://m.media-amazon.com/images/M/MV5BNDYyMDgxNDQ5Nl5BMl5BanBnXkFtZTcwMjc1ODg3OA@@._V1_SX300.jpg,"English, Russian","USA, UK"
48,266697,Kill Bill: Vol. 1,2003,R,111 min,Action,Quentin Tarantino,"Uma Thurman, Lucy Liu, Vivica A. Fox, Daryl Hannah",8.1,https://m.media-amazon.com/images/M/MV5BMTU1NDg1Mzg4M15BMl5BanBnXkFtZTYwMDExOTc3._V1_SX300.jpg,"English, Japanese, French",USA
49,68240,Avanti!,1972,R,140 min,"Comedy, Romance",Billy Wilder,"Jack Lemmon, Juliet Mills, Clive Revill, Edward Andrews",7.2,https://m.media-amazon.com/images/M/MV5BMTQ3Mjc1MzUxM15BMl5BanBnXkFtZTgwMjAyODgxMTE@._V1_SX300.jpg,"English, Italian","USA, Italy"
50,60196,"The Good, the Bad and the Ugly",1966,NOT RATED,161 min,Western,Sergio Leone,"Eli Wallach, Clint Eastwood, Lee Van Cleef, Aldo Giuffr�",8.9,https://m.media-amazon.com/images/M/MV5BOTQ5NDI3MTI4MF5BMl5BanBnXkFtZTgwNDQ4ODE5MDE@._V1_SX300.jpg,Italian,"Italy, Spain, West Germany, USA"
51,211915,Am�lie,2001,R,122 min,"Comedy, Romance",Jean-Pierre Jeunet,"Audrey Tautou, Mathieu Kassovitz, Rufus, Lorella Cravotta",8.4,https://m.media-amazon.com/images/M/MV5BMTYzNjkxMTczOF5BMl5BanBnXkFtZTgwODg5NDc2MjE@._V1_SX300.jpg,"French, Russian","France, Germany"
52,27977,Modern Times,1936,G,87 min,"Comedy, Drama",Charles Chaplin,"Charles Chaplin, Paulette Goddard, Henry Bergman, Tiny Sandford",8.6,https://m.media-amazon.com/images/M/MV5BMjAyMTkxNjI5OF5BMl5BanBnXkFtZTYwMjI2MjA5._V1_SX300.jpg,English,USA
53,335266,Lost in Translation,2003,R,101 min,Drama,Sofia Coppola,"Scarlett Johansson, Bill Murray, Akiko Takeshita, Kazuyoshi Minamimagoe",7.8,https://m.media-amazon.com/images/M/MV5BMTI2NDI5ODk4N15BMl5BanBnXkFtZTYwMTI3NTE3._V1_SX300.jpg,"English, Japanese, German, French","USA, Japan"
54,93058,Full Metal Jacket,1987,R,116 min,"Drama, War",Stanley Kubrick,"Matthew Modine, Adam Baldwin, Vincent D'Onofrio, R. Lee Ermey",8.3,https://m.media-amazon.com/images/M/MV5BMjA4NzY4ODk4Nl5BMl5BanBnXkFtZTgwOTcxNTYxMTE@._V1_SX300.jpg,"English, Vietnamese","UK, USA"
55,180093,Requiem for a Dream,2000,R,102 min,Drama,Darren Aronofsky,"Ellen Burstyn, Jared Leto, Jennifer Connelly, Marlon Wayans",8.4,https://m.media-amazon.com/images/M/MV5BMzM2OTYwMTY4Nl5BMl5BanBnXkFtZTcwMjU1Njg3OA@@._V1_SX300.jpg,English,USA
56,137523,Fight Club,1999,R,139 min,Drama,David Fincher,"Edward Norton, Brad Pitt, Helena Bonham Carter, Meat Loaf",8.9,https://m.media-amazon.com/images/M/MV5BMjIwNTYzMzE1M15BMl5BanBnXkFtZTcwOTE5Mzg3OA@@._V1_SX300.jpg,English,"USA, Germany"
57,477348,No Country for Old Men,2007,R,122 min,"Crime, Drama, Thriller","Ethan Coen, Joel Coen","Tommy Lee Jones, Javier Bardem, Josh Brolin, Woody Harrelson",8.1,https://m.media-amazon.com/images/M/MV5BMjA5Njk3MjM4OV5BMl5BanBnXkFtZTcwMTc5MTE1MQ@@._V1_SX300.jpg,"English, Spanish",USA
58,1853728,Django Unchained,2012,R,165 min,Western,Quentin Tarantino,"Jamie Foxx, Christoph Waltz, Leonardo DiCaprio, Kerry Washington",8.5,https://m.media-amazon.com/images/M/MV5BMjIyNTQ5NjQ1OV5BMl5BanBnXkFtZTcwODg1MDU4OA@@._V1_SX300.jpg,"English, German, French",USA
59,206634,Children of Men,2006,R,109 min,"Drama, Sci-Fi, Thriller",Alfonso Cuar�n,"Clive Owen, Juan Gabriel Yacuzzi, Michael Caine, Mishal Husain",7.9,https://m.media-amazon.com/images/M/MV5BMTc2MDU1ODQ0MV5BMl5BanBnXkFtZTcwMjk2NDA2OQ@@._V1_SX300.jpg,"English, German, Italian, Romanian, Spanish, Arabic, Georgian","USA, UK"
60,382932,Ratatouille,2007,G,111 min,"Animation, Comedy, Family","Brad Bird, Jan Pinkava","Patton Oswalt, Ian Holm, Lou Romano, Brian Dennehy",8,https://m.media-amazon.com/images/M/MV5BMTMzODU0NTkxMF5BMl5BanBnXkFtZTcwMjQ4MzMzMw@@._V1_SX300.jpg,"English, French",USA
61,405094,The Lives of Others,2006,R,137 min,"Drama, Thriller",Florian Henckel von Donnersmarck,"Martina Gedeck, Ulrich M�he, Sebastian Koch, Ulrich Tukur",8.5,https://m.media-amazon.com/images/M/MV5BNDUzNjYwNDYyNl5BMl5BanBnXkFtZTcwNjU3ODQ0MQ@@._V1_SX300.jpg,German,Germany
62,482571,The Prestige,2006,PG-13,130 min,"Drama, Mystery, Thriller",Christopher Nolan,"Hugh Jackman, Christian Bale, Michael Caine, Piper Perabo",8.5,https://m.media-amazon.com/images/M/MV5BMjA4NDI0MTIxNF5BMl5BanBnXkFtZTYwNTM0MzY2._V1_SX300.jpg,English,"USA, UK"
63,434409,V for Vendetta,2005,R,132 min,"Action, Drama, Thriller",James McTeigue,"Natalie Portman, Hugo Weaving, Stephen Rea, Stephen Fry",8.2,https://m.media-amazon.com/images/M/MV5BOTI5ODc3NzExNV5BMl5BanBnXkFtZTcwNzYxNzQzMw@@._V1_SX300.jpg,English,"USA, UK, Germany"
64,71315,Chinatown,1974,R,130 min,"Crime, Drama, Mystery",Roman Polanski,"Jack Nicholson, Faye Dunaway, John Huston, Perry Lopez",8.3,https://m.media-amazon.com/images/M/MV5BMTUyMTQ1NjA2OV5BMl5BanBnXkFtZTcwODQ1Njg3OA@@._V1_SX300.jpg,"English, Cantonese, Spanish",USA
65,317248,City of God,2002,R,130 min,"Crime, Drama","Fernando Meirelles, K�tia Lund","Alexandre Rodrigues, Leandro Firmino, Phellipe Haagensen, Douglas Silva",8.7,https://m.media-amazon.com/images/M/MV5BMjA4ODQ3ODkzNV5BMl5BanBnXkFtZTYwOTc4NDI3._V1_SX300.jpg,Portuguese,"Brazil, France"
66,37382,To Have and Have Not,1944,NOT RATED,100 min,"Adventure, Comedy, Romance",Howard Hawks,"Humphrey Bogart, Walter Brennan, Lauren Bacall, Dolores Moran",8,https://m.media-amazon.com/images/M/MV5BMTczMzQ5ODU0M15BMl5BanBnXkFtZTgwMTc3MzgyMjE@._V1_SX300.jpg,"English, French",USA
67,116282,Fargo,1996,R,98 min,"Crime, Drama, Thriller","Joel Coen, Ethan Coen","William H. Macy, Steve Buscemi, Peter Stormare, Kristin Rudr�d",8.2,https://m.media-amazon.com/images/M/MV5BMTgxNzY3MzUxOV5BMl5BanBnXkFtZTcwMDA0NjMyNA@@._V1_SX300.jpg,English,"USA, UK"
68,454876,Life of Pi,2012,PG,127 min,"Adventure, Drama, Fantasy",Ang Lee,"Suraj Sharma, Irrfan Khan, Ayush Tandon, Gautam Belur",8,https://m.media-amazon.com/images/M/MV5BNTg2OTY2ODg5OF5BMl5BanBnXkFtZTcwODM5MTYxOA@@._V1_SX300.jpg,"English, Tamil, French, Japanese, Hindi, Chinese","USA, Taiwan, UK"
69,1010048,Slumdog Millionaire,2008,R,120 min,"Drama, Romance","Danny Boyle, Loveleen Tandan","Dev Patel, Saurabh Shukla, Anil Kapoor, Rajendranath Zutshi",8,https://m.media-amazon.com/images/M/MV5BMTU2NTA5NzI0N15BMl5BanBnXkFtZTcwMjUxMjYxMg@@._V1_SX300.jpg,"English, Hindi, French","UK, USA"
70,52357,Vertigo,1958,APPROVED,128 min,"Mystery, Romance, Thriller",Alfred Hitchcock,"James Stewart, Kim Novak, Barbara Bel Geddes, Tom Helmore",8.4,https://m.media-amazon.com/images/M/MV5BNzY0NzQyNzQzOF5BMl5BanBnXkFtZTcwMTgwNTk4OQ@@._V1_SX300.jpg,English,USA
71,117951,Trainspotting,1996,R,94 min,Drama,Danny Boyle,"Ewan McGregor, Ewen Bremner, Jonny Lee Miller, Kevin McKidd",8.2,https://m.media-amazon.com/images/M/MV5BMTg2MzcxNTY3NV5BMl5BanBnXkFtZTgwOTQ5NDQxMDE@._V1_SX300.jpg,English,UK
72,816692,Interstellar,2014,PG-13,169 min,"Adventure, Drama, Sci-Fi",Christopher Nolan,"Ellen Burstyn, Matthew McConaughey, Mackenzie Foy, John Lithgow",8.7,https://m.media-amazon.com/images/M/MV5BMjIxNTU4MzY4MF5BMl5BanBnXkFtZTgwMzM4ODI3MjE@._V1_SX300.jpg,English,"USA, UK, Canada"
73,84787,The Thing,1982,R,109 min,"Horror, Sci-Fi",John Carpenter,"Kurt Russell, Wilford Brimley, T.K. Carter, David Clennon",8.2,https://m.media-amazon.com/images/M/MV5BMjE1OTIzMjUxNV5BMl5BanBnXkFtZTgwOTUwNzMxMDE@._V1_SX300.jpg,"English, Norwegian",USA
74,41959,The Third Man,1949,NOT RATED,93 min,"Film-Noir, Mystery, Thriller",Carol Reed,"Joseph Cotten, Alida Valli, Orson Welles, Trevor Howard",8.3,https://m.media-amazon.com/images/M/MV5BMjMwNzMzMTQ0Ml5BMl5BanBnXkFtZTgwNjExMzUwNjE@._V1_SX300.jpg,"English, German, Russian",UK
75,114746,Twelve Monkeys,1995,R,129 min,"Mystery, Sci-Fi, Thriller",Terry Gilliam,"Joseph Melito, Bruce Willis, Jon Seda, Michael Chance",8.1,https://m.media-amazon.com/images/M/MV5BMjI4MDIxNjk2Ml5BMl5BanBnXkFtZTcwMTA3Njk3OA@@._V1_SX300.jpg,"English, French",USA
76,118799,Life Is Beautiful,1997,PG-13,116 min,"Comedy, Drama, Romance",Roberto Benigni,"Roberto Benigni, Nicoletta Braschi, Giorgio Cantarini, Giustino Durano",8.6,https://m.media-amazon.com/images/M/MV5BMTQwMTM2MjE4Ml5BMl5BanBnXkFtZTgwODQ2NTYxMTE@._V1_SX300.jpg,"Italian, German, English",Italy
77,253474,The Pianist,2002,R,150 min,"Biography, Drama, War",Roman Polanski,"Adrien Brody, Emilia Fox, Michal Zebrowski, Ed Stoppard",8.5,https://m.media-amazon.com/images/M/MV5BMTc4OTkyOTA3OF5BMl5BanBnXkFtZTYwMDIxNjk5._V1_SX300.jpg,"English, German, Russian","France, Poland, Germany, UK"
78,175880,Magnolia,1999,R,188 min,Drama,Paul Thomas Anderson,"Pat Healy, Genevieve Zweig, Mark Flannagan, Neil Flynn",8,https://m.media-amazon.com/images/M/MV5BNzMzMDgyNTIzOF5BMl5BanBnXkFtZTcwOTk0MDg2OQ@@._V1_SX300.jpg,"English, German, French",USA
79,1345836,The Dark Knight Rises,2012,PG-13,165 min,"Action, Thriller",Christopher Nolan,"Christian Bale, Gary Oldman, Tom Hardy, Joseph Gordon-Levitt",8.5,https://m.media-amazon.com/images/M/MV5BMTk4ODQzNDY3Ml5BMl5BanBnXkFtZTcwODA0NTM4Nw@@._V1_SX300.jpg,English,"USA, UK"
80,2488496,Star Wars: Episode VII - The Force Awakens,2015,,,"Action, Adventure, Fantasy",J.J. Abrams,"Simon Pegg, Oscar Isaac, Mark Hamill, Harrison Ford",,https://m.media-amazon.com/images/M/MV5BNDE5NTMzMzk0OF5BMl5BanBnXkFtZTgwNzcyMTk1NjE@._V1_SX300.jpg,English,USA
81,1170358,The Hobbit: The Desolation of Smaug,2013,PG-13,161 min,"Adventure, Fantasy",Peter Jackson,"Ian McKellen, Martin Freeman, Richard Armitage, Ken Stott",8,https://m.media-amazon.com/images/M/MV5BMzU0NDY0NDEzNV5BMl5BanBnXkFtZTgwOTIxNDU1MDE@._V1_SX300.jpg,English,"USA, New Zealand"
82,1392190,Mad Max: Fury Road,2015,R,120 min,"Action, Adventure, Sci-Fi",George Miller,"Tom Hardy, Charlize Theron, Nicholas Hoult, Hugh Keays-Byrne",8.3,https://m.media-amazon.com/images/M/MV5BMTUyMTE0ODcxNF5BMl5BanBnXkFtZTgwODE4NDQzNTE@._V1_SX300.jpg,"English, Russian","Australia, USA"
83,2024544,12 Years a Slave,2013,R,134 min,"Biography, Drama, History",Steve McQueen,"Chiwetel Ejiofor, Dwight Henry, Dickie Gravois, Bryan Batt",8.1,https://m.media-amazon.com/images/M/MV5BMjExMTEzODkyN15BMl5BanBnXkFtZTcwNTU4NTc4OQ@@._V1_SX300.jpg,English,"USA, UK"
84,97576,Indiana Jones and the Last Crusade,1989,PG-13,127 min,"Action, Adventure",Steven Spielberg,"Harrison Ford, Sean Connery, Denholm Elliott, Alison Doody",8.3,https://m.media-amazon.com/images/M/MV5BMTQxMTUyODg2OF5BMl5BanBnXkFtZTcwNDM2MjAxNA@@._V1_SX300.jpg,"English, German, Greek",USA
85,190590,"O Brother, Where Art Thou?",2000,PG-13,106 min,"Comedy, Crime, Music","Joel Coen, Ethan Coen","George Clooney, John Turturro, Tim Blake Nelson, John Goodman",7.8,https://m.media-amazon.com/images/M/MV5BMTI3MTEwMTAzMF5BMl5BanBnXkFtZTYwMTMxNTI5._V1_SX300.jpg,English,"UK, France, USA"
86,361748,Inglourious Basterds,2009,R,153 min,"Adventure, Drama, War","Quentin Tarantino, Eli Roth","Brad Pitt, M�lanie Laurent, Christoph Waltz, Eli Roth",8.3,https://m.media-amazon.com/images/M/MV5BMjIzMDI4MTUzOV5BMl5BanBnXkFtZTcwNDY3NjA3Mg@@._V1_SX300.jpg,"English, German, French, Italian","USA, Germany"
87,407887,The Departed,2006,R,151 min,"Crime, Drama, Thriller",Martin Scorsese,"Leonardo DiCaprio, Matt Damon, Jack Nicholson, Mark Wahlberg",8.5,https://m.media-amazon.com/images/M/MV5BMTI1MTY2OTIxNV5BMl5BanBnXkFtZTYwNjQ4NjY3._V1_SX300.jpg,"English, Cantonese","USA, Hong Kong"
88,268978,A Beautiful Mind,2001,PG-13,135 min,"Biography, Drama",Ron Howard,"Russell Crowe, Ed Harris, Jennifer Connelly, Christopher Plummer",8.2,https://m.media-amazon.com/images/M/MV5BMTQ4MDI2MzkwMl5BMl5BanBnXkFtZTYwMjk0NTA5._V1_SX300.jpg,English,USA
89,1136608,District 9,2009,R,112 min,"Action, Sci-Fi, Thriller",Neill Blomkamp,"Sharlto Copley, Jason Cope, Nathalie Boltt, Sylvaine Strike",8,https://m.media-amazon.com/images/M/MV5BMTM4OTI1OTM5NF5BMl5BanBnXkFtZTcwMzk5MTU1Mg@@._V1_SX300.jpg,"English, Nyanja, Afrikaans, Zulu, Xhosa, Southern Sotho","USA, New Zealand, Canada, South Africa"
90,107822,The Piano,1993,R,121 min,"Drama, Music, Romance",Jane Campion,"Holly Hunter, Harvey Keitel, Sam Neill, Anna Paquin",7.6,https://m.media-amazon.com/images/M/MV5BMTAyOTA0MzQ5NTReQTJeQWpwZ15BbWU3MDQ4NDkwMjE@._V1_SX300.jpg,"English, British Sign Language, Maori","New Zealand, Australia, France"
91,327056,Mystic River,2003,R,138 min,"Crime, Drama, Mystery",Clint Eastwood,"Sean Penn, Tim Robbins, Kevin Bacon, Laurence Fishburne",8,https://m.media-amazon.com/images/M/MV5BMTIzNDUyMjA4MV5BMl5BanBnXkFtZTYwNDc4ODM3._V1_SX300.jpg,English,"USA, Australia"
92,140352,The Insider,1999,R,157 min,"Biography, Drama, Thriller",Michael Mann,"Al Pacino, Russell Crowe, Christopher Plummer, Diane Venora",7.9,https://m.media-amazon.com/images/M/MV5BMjI2NjA5Mzc4Ml5BMl5BanBnXkFtZTgwODUxNjcxMTE@._V1_SX300.jpg,"English, Japanese, Arabic, Persian",USA
93,119488,L.A. Confidential,1997,R,138 min,"Crime, Drama, Mystery",Curtis Hanson,"Kevin Spacey, Russell Crowe, Guy Pearce, James Cromwell",8.3,https://m.media-amazon.com/images/M/MV5BMTQ5MTU4MzQ5NF5BMl5BanBnXkFtZTcwMjY1OTM2MQ@@._V1_SX300.jpg,English,USA
94,113277,Heat,1995,R,170 min,"Action, Crime, Drama",Michael Mann,"Al Pacino, Robert De Niro, Val Kilmer, Jon Voight",8.3,https://m.media-amazon.com/images/M/MV5BMTM1NDc4ODkxNV5BMl5BanBnXkFtZTcwNTI4ODE3MQ@@._V1_SX300.jpg,"English, Spanish",USA
95,114814,The Usual Suspects,1995,R,106 min,"Crime, Drama, Thriller",Bryan Singer,"Stephen Baldwin, Gabriel Byrne, Benicio Del Toro, Kevin Pollak",8.6,https://m.media-amazon.com/images/M/MV5BMzI1MjI5MDQyOV5BMl5BanBnXkFtZTcwNzE4Mjg3NA@@._V1_SX300.jpg,"English, Hungarian, Spanish, French","USA, Germany"
96,61512,Cool Hand Luke,1967,PG,126 min,"Crime, Drama",Stuart Rosenberg,"Paul Newman, George Kennedy, J.D. Cannon, Lou Antonio",8.2,https://m.media-amazon.com/images/M/MV5BODMyMDA0MTY2OF5BMl5BanBnXkFtZTcwMzkzNjk3OA@@._V1_SX300.jpg,English,USA
97,338013,Eternal Sunshine of the Spotless Mind,2004,R,108 min,"Drama, Romance, Sci-Fi",Michel Gondry,"Jim Carrey, Kate Winslet, Gerry Robert Byrne, Elijah Wood",8.4,https://m.media-amazon.com/images/M/MV5BMTY4NzcwODg3Nl5BMl5BanBnXkFtZTcwNTEwOTMyMw@@._V1_SX300.jpg,English,USA
98,21749,City Lights,1931,PASSED,87 min,"Comedy, Drama, Romance",Charles Chaplin,"Virginia Cherrill, Florence Lee, Harry Myers, Al Ernest Garcia",8.6,https://m.media-amazon.com/images/M/MV5BMjA3NDQ5MDMzOV5BMl5BanBnXkFtZTgwODY2MjcyMjE@._V1_SX300.jpg,English,USA
99,133093,The Matrix,1999,R,136 min,"Action, Sci-Fi","Andy Wachowski, Lana Wachowski","Keanu Reeves, Laurence Fishburne, Carrie-Anne Moss, Hugo Weaving",8.7,https://m.media-amazon.com/images/M/MV5BMTkxNDYxOTA4M15BMl5BanBnXkFtZTgwNTk0NzQxMTE@._V1_SX300.jpg,English,"USA, Australia"
100,401792,Sin City,2005,R,124 min,"Crime, Thriller","Frank Miller, Robert Rodriguez, Quentin Tarantino","Jessica Alba, Devon Aoki, Alexis Bledel, Powers Boothe",8.1,https://m.media-amazon.com/images/M/MV5BMTI2NjUyMDUyMV5BMl5BanBnXkFtZTcwMzU0OTkyMQ@@._V1_SX300.jpg,English,USA
101,100157,Misery,1990,R,107 min,Thriller,Rob Reiner,"James Caan, Kathy Bates, Richard Farnsworth, Frances Sternhagen",7.8,https://m.media-amazon.com/images/M/MV5BMTMzOTcxMDI3MV5BMl5BanBnXkFtZTcwNDYyODI1NA@@._V1_SX300.jpg,English,USA
102,108550,What's Eating Gilbert Grape,1993,PG-13,118 min,Drama,Lasse Hallstr�m,"Johnny Depp, Leonardo DiCaprio, Juliette Lewis, Mary Steenburgen",7.8,https://m.media-amazon.com/images/M/MV5BMTQ5NjY1MjE5MV5BMl5BanBnXkFtZTgwODU2NTYxMTE@._V1_SX300.jpg,English,USA
103,71853,Monty Python and the Holy Grail,1975,PG,91 min,"Adventure, Comedy, Fantasy","Terry Gilliam, Terry Jones","Graham Chapman, John Cleese, Eric Idle, Terry Gilliam",8.3,https://m.media-amazon.com/images/M/MV5BMTkzODczMTgwM15BMl5BanBnXkFtZTYwNTAwODI5._V1_SX300.jpg,"English, French, Latin",UK
104,77416,The Deer Hunter,1978,R,183 min,"Drama, War",Michael Cimino,"Robert De Niro, John Cazale, John Savage, Christopher Walken",8.2,https://m.media-amazon.com/images/M/MV5BMTk3MTQzMDUwMF5BMl5BanBnXkFtZTgwMTUxNzYxMTE@._V1_SX300.jpg,"English, Russian, Vietnamese, French","UK, USA"
105,86250,Scarface,1983,R,170 min,"Crime, Drama",Brian De Palma,"Al Pacino, Steven Bauer, Michelle Pfeiffer, Mary Elizabeth Mastrantonio",8.3,https://m.media-amazon.com/images/M/MV5BMjAzOTM4MzEwNl5BMl5BanBnXkFtZTgwMzU1OTc1MDE@._V1_SX300.jpg,"English, Spanish",USA
106,66921,A Clockwork Orange,1971,X,136 min,"Crime, Drama, Sci-Fi",Stanley Kubrick,"Malcolm McDowell, Patrick Magee, Michael Bates, Warren Clarke",8.4,https://m.media-amazon.com/images/M/MV5BMTY3MjM1Mzc4N15BMl5BanBnXkFtZTgwODM0NzAxMDE@._V1_SX300.jpg,English,"UK, USA"
107,80678,The Elephant Man,1980,PG,124 min,"Biography, Drama",David Lynch,"Anthony Hopkins, John Hurt, Anne Bancroft, John Gielgud",8.2,https://m.media-amazon.com/images/M/MV5BMTExNTk0MjIzNDZeQTJeQWpwZ15BbWU3MDY5ODI5Nzg@._V1_SX300.jpg,English,"USA, UK"
108,70511,Papillon,1973,R,151 min,"Biography, Crime, Drama",Franklin J. Schaffner,"Steve McQueen, Dustin Hoffman, Victor Jory, Don Gordon",8.1,https://m.media-amazon.com/images/M/MV5BMTY2NjE5NDk3OV5BMl5BanBnXkFtZTcwMTU3Njk3OA@@._V1_SX300.jpg,"English, Spanish","France, USA"
109,56172,Lawrence of Arabia,1962,PG,216 min,"Adventure, Biography, Drama",David Lean,"Peter O'Toole, Alec Guinness, Anthony Quinn, Jack Hawkins",8.4,https://m.media-amazon.com/images/M/MV5BMzAwMjM4NzA2OV5BMl5BanBnXkFtZTcwMDI0NzAwMQ@@._V1_SX300.jpg,"English, Arabic, Turkish",UK
110,48028,East of Eden,1955,PG,115 min,Drama,Elia Kazan,"Julie Harris, James Dean, Raymond Massey, Burl Ives",8,https://m.media-amazon.com/images/M/MV5BMTM4NDMzMzEyOV5BMl5BanBnXkFtZTcwMTEzNTA0OQ@@._V1_SX300.jpg,English,USA
111,395169,Hotel Rwanda,2004,PG-13,121 min,"Drama, History, War",Terry George,"Xolani Mali, Don Cheadle, Desmond Dube, Hakeem Kae-Kazim",8.2,https://m.media-amazon.com/images/M/MV5BMTI2MzQyNTc1M15BMl5BanBnXkFtZTYwMjExNjc3._V1_SX300.jpg,"English, French","UK, USA, Italy, South Africa, Canada"
112,99348,Dances with Wolves,1990,PG-13,181 min,"Adventure, Drama, Western",Kevin Costner,"Kevin Costner, Mary McDonnell, Graham Greene, Rodney A. Grant",8,https://m.media-amazon.com/images/M/MV5BMTY3OTI5NDczN15BMl5BanBnXkFtZTcwNDA0NDY3Mw@@._V1_SX300.jpg,"English, Sioux, Pawnee","USA, UK"
113,325980,Pirates of the Caribbean: The Curse of the Black Pearl,2003,PG-13,143 min,"Action, Adventure, Fantasy",Gore Verbinski,"Johnny Depp, Geoffrey Rush, Orlando Bloom, Keira Knightley",8.1,https://m.media-amazon.com/images/M/MV5BMjAyNDM4MTc2N15BMl5BanBnXkFtZTYwNDk0Mjc3._V1_SX300.jpg,English,USA
114,372784,Batman Begins,2005,PG-13,140 min,"Action, Adventure",Christopher Nolan,"Christian Bale, Michael Caine, Liam Neeson, Katie Holmes",8.3,https://m.media-amazon.com/images/M/MV5BNTM3OTc0MzM2OV5BMl5BanBnXkFtZTYwNzUwMTI3._V1_SX300.jpg,"English, Urdu, Mandarin","USA, UK"
115,1074638,Skyfall,2012,PG-13,143 min,"Action, Adventure, Thriller",Sam Mendes,"Daniel Craig, Judi Dench, Javier Bardem, Ralph Fiennes",7.8,https://m.media-amazon.com/images/M/MV5BMjAyODkzNDgzMF5BMl5BanBnXkFtZTcwMDMxMDI4Nw@@._V1_SX300.jpg,English,"UK, USA"
116,40897,The Treasure of the Sierra Madre,1948,NOT RATED,126 min,"Action, Adventure, Drama",John Huston,"Humphrey Bogart, Walter Huston, Tim Holt, Bruce Bennett",8.3,https://m.media-amazon.com/images/M/MV5BMTQ4MzUzOTYwOV5BMl5BanBnXkFtZTgwNDA4MzgyMjE@._V1_SX300.jpg,"English, Spanish",USA
117,94226,The Untouchables,1987,R,119 min,"Crime, Drama, Thriller",Brian De Palma,"Kevin Costner, Sean Connery, Charles Martin Smith, Andy Garcia",8,https://m.media-amazon.com/images/M/MV5BMTc1MzY0MTcyMV5BMl5BanBnXkFtZTcwMzE3Njk3OA@@._V1_SX300.jpg,English,USA
118,120382,The Truman Show,1998,PG,103 min,Drama,Peter Weir,"Jim Carrey, Laura Linney, Noah Emmerich, Natascha McElhone",8.1,https://m.media-amazon.com/images/M/MV5BMTM4NjY2MTEzM15BMl5BanBnXkFtZTcwMTk2Njk3OA@@._V1_SX300.jpg,English,USA
119,105236,Reservoir Dogs,1992,R,99 min,"Crime, Drama",Quentin Tarantino,"Harvey Keitel, Tim Roth, Michael Madsen, Chris Penn",8.4,https://m.media-amazon.com/images/M/MV5BMTQxMTAwMDQ3Nl5BMl5BanBnXkFtZTcwODMwNTgzMQ@@._V1_SX300.jpg,English,USA
120,53604,The Apartment,1960,APPROVED,125 min,"Comedy, Drama, Romance",Billy Wilder,"Jack Lemmon, Shirley MacLaine, Fred MacMurray, Ray Walston",8.3,https://m.media-amazon.com/images/M/MV5BMTM1OTc4MzgzNl5BMl5BanBnXkFtZTcwNTE2NjgyMw@@._V1_SX300.jpg,English,USA
121,38355,The Big Sleep,1946,APPROVED,114 min,"Crime, Film-Noir, Mystery",Howard Hawks,"Humphrey Bogart, Lauren Bacall, John Ridgely, Martha Vickers",8.1,https://m.media-amazon.com/images/M/MV5BNjg5MjM5MzY5M15BMl5BanBnXkFtZTgwNjg3MzgyMjE@._V1_SX300.jpg,English,USA
122,1602620,Amour,2012,PG-13,127 min,"Drama, Romance",Michael Haneke,"Jean-Louis Trintignant, Emmanuelle Riva, Isabelle Huppert, Alexandre Tharaud",7.9,https://m.media-amazon.com/images/M/MV5BMTk1NTc3NDc4MF5BMl5BanBnXkFtZTcwNjYwNDk0OA@@._V1_SX300.jpg,"French, English","France, Germany, Austria"
123,2480454,The Grump,2014,,104 min,Comedy,Dome Karukoski,"Antti Litja, Petra Frey, Mari Perankoski, Iikka Forss",7,https://m.media-amazon.com/images/M/MV5BMTU4OTI1MDI5NF5BMl5BanBnXkFtZTgwOTUwMTQwMjE@._V1_SX300.jpg,Finnish,Finland
124,52618,Ben-Hur,1959,G,212 min,"Adventure, Drama, History",William Wyler,"Charlton Heston, Jack Hawkins, Haya Harareet, Stephen Boyd",8.1,https://m.media-amazon.com/images/M/MV5BNjg2NjA3NDY2OV5BMl5BanBnXkFtZTgwNzE3NTkxMTE@._V1_SX300.jpg,English,USA
125,147612,Happiness,1998,,134 min,"Comedy, Drama",Todd Solondz,"Jane Adams, Jon Lovitz, Philip Seymour Hoffman, Dylan Baker",7.8,https://m.media-amazon.com/images/M/MV5BMjEyNTIxNjYxM15BMl5BanBnXkFtZTYwMjMyNTU5._V1_SX300.jpg,"English, Russian",USA
126,56801,8�,1963,NOT RATED,138 min,Drama,Federico Fellini,"Marcello Mastroianni, Claudia Cardinale, Anouk Aim�e, Sandra Milo",8.1,https://m.media-amazon.com/images/M/MV5BMTQ4MTA0NjEzMF5BMl5BanBnXkFtZTgwMDg4NDYxMzE@._V1_SX300.jpg,"Italian, English, French, German","Italy, France"
127,103074,Thelma & Louise,1991,R,130 min,"Adventure, Crime, Drama",Ridley Scott,"Susan Sarandon, Geena Davis, Harvey Keitel, Michael Madsen",7.4,https://m.media-amazon.com/images/M/MV5BMjIxNDgzMDE2MF5BMl5BanBnXkFtZTcwNzY5NTk1NA@@._V1_SX300.jpg,English,"USA, France"
128,363163,Downfall,2004,R,156 min,"Biography, Drama, War",Oliver Hirschbiegel,"Bruno Ganz, Alexandra Maria Lara, Corinna Harfouch, Ulrich Matthes",8.3,https://m.media-amazon.com/images/M/MV5BMTM1OTI1MjE2Nl5BMl5BanBnXkFtZTcwMTEwMzc4NA@@._V1_SX300.jpg,"German, Russian, Hungarian","Germany, Austria, Italy"
129,75148,Rocky,1976,PG,119 min,"Drama, Sport",John G. Avildsen,"Sylvester Stallone, Talia Shire, Burt Young, Carl Weathers",8.1,https://m.media-amazon.com/images/M/MV5BMTY5MDMzODUyOF5BMl5BanBnXkFtZTcwMTQ3NTMyNA@@._V1_SX300.jpg,English,USA
130,1205489,Gran Torino,2008,R,116 min,Drama,Clint Eastwood,"Clint Eastwood, Christopher Carley, Bee Vang, Ahney Her",8.2,https://m.media-amazon.com/images/M/MV5BMTQyMTczMTAxMl5BMl5BanBnXkFtZTcwOTc1ODE0Mg@@._V1_SX300.jpg,"English, Hmong","USA, Germany"
131,44079,Strangers on a Train,1951,APPROVED,101 min,"Crime, Film-Noir, Thriller",Alfred Hitchcock,"Farley Granger, Ruth Roman, Robert Walker, Leo G. Carroll",8.1,https://m.media-amazon.com/images/M/MV5BMTcwNzk0MTQxMF5BMl5BanBnXkFtZTcwNjM5NTIwNA@@._V1_SX300.jpg,"English, French",USA
132,61184,Who's Afraid of Virginia Woolf?,1966,TV-MA,131 min,"Drama, Romance",Mike Nichols,"Elizabeth Taylor, Richard Burton, George Segal, Sandy Dennis",8.1,https://m.media-amazon.com/images/M/MV5BMjIyMjgyNzA3OV5BMl5BanBnXkFtZTgwOTUxNzYxMTE@._V1_SX300.jpg,"English, Latin, Spanish",USA
133,70047,The Exorcist,1973,R,122 min,Horror,William Friedkin,"Ellen Burstyn, Max von Sydow, Lee J. Cobb, Kitty Winn",8,https://m.media-amazon.com/images/M/MV5BNzYwMDA0NTA3M15BMl5BanBnXkFtZTcwMDcwNDY3Mg@@._V1_SX300.jpg,"English, Latin, Greek, French, German, Arabic",USA
134,88247,The Terminator,1984,R,107 min,"Action, Sci-Fi",James Cameron,"Arnold Schwarzenegger, Michael Biehn, Linda Hamilton, Paul Winfield",8.1,https://m.media-amazon.com/images/M/MV5BODE1MDczNTUxOV5BMl5BanBnXkFtZTcwMTA0NDQyNA@@._V1_SX300.jpg,"English, Spanish","UK, USA"
135,903624,The Hobbit: An Unexpected Journey,2012,PG-13,169 min,"Adventure, Fantasy",Peter Jackson,"Ian McKellen, Martin Freeman, Richard Armitage, Ken Stott",8,https://m.media-amazon.com/images/M/MV5BMTcwNTE4MTUxMl5BMl5BanBnXkFtZTcwMDIyODM4OA@@._V1_SX300.jpg,English,"USA, New Zealand"
136,378194,Kill Bill: Vol. 2,2004,R,137 min,"Action, Crime, Thriller",Quentin Tarantino,"Vivica A. Fox, Ambrosia Kelley, Michael Parks, James Parks",8,https://m.media-amazon.com/images/M/MV5BMTIwNzQ3MDIxMV5BMl5BanBnXkFtZTcwMDIxMzUyMQ@@._V1_SX300.jpg,"English, Cantonese, Mandarin, Spanish",USA
137,172495,Gladiator,2000,R,155 min,"Action, Drama",Ridley Scott,"Russell Crowe, Joaquin Phoenix, Connie Nielsen, Oliver Reed",8.5,https://m.media-amazon.com/images/M/MV5BMTgwMzQzNTQ1Ml5BMl5BanBnXkFtZTgwMDY2NTYxMTE@._V1_SX300.jpg,English,"USA, UK"
138,181865,Traffic,2000,R,147 min,"Crime, Drama, Thriller",Steven Soderbergh,"Benicio Del Toro, Jacob Vargas, Andrew Chavez, Michael Saucedo",7.7,https://m.media-amazon.com/images/M/MV5BMjA2MjA1MTA0OF5BMl5BanBnXkFtZTcwNTA5MTIzMQ@@._V1_SX300.jpg,"English, Spanish","USA, Germany"
139,443706,Zodiac,2007,R,157 min,"Crime, Drama, Mystery",David Fincher,"Jake Gyllenhaal, Mark Ruffalo, Anthony Edwards, Robert Downey Jr.",7.7,https://m.media-amazon.com/images/M/MV5BMTQxNjc2NzAwNF5BMl5BanBnXkFtZTcwMDg3NzMzMw@@._V1_SX300.jpg,English,USA
140,120689,The Green Mile,1999,R,189 min,"Crime, Drama, Fantasy",Frank Darabont,"Tom Hanks, David Morse, Michael Clarke Duncan, Bonnie Hunt",8.5,https://m.media-amazon.com/images/M/MV5BMTUxMzQyNjA5MF5BMl5BanBnXkFtZTYwOTU2NTY3._V1_SX300.jpg,"English, French",USA
141,499549,Avatar,2009,PG-13,162 min,"Action, Adventure, Fantasy",James Cameron,"Sam Worthington, Zoe Saldana, Sigourney Weaver, Stephen Lang",7.9,https://m.media-amazon.com/images/M/MV5BMTYwOTEwNjAzMl5BMl5BanBnXkFtZTcwODc5MTUwMw@@._V1_SX300.jpg,"English, Spanish","USA, UK"
142,77651,Halloween,1978,R,91 min,"Horror, Thriller",John Carpenter,"Donald Pleasence, Jamie Lee Curtis, Nancy Kyes, P.J. Soles",7.9,https://m.media-amazon.com/images/M/MV5BMTY0Nzk0NTk2OF5BMl5BanBnXkFtZTcwNjQ3NTk0MQ@@._V1_SX300.jpg,English,USA
143,112641,Casino,1995,R,178 min,"Biography, Crime, Drama",Martin Scorsese,"Robert De Niro, Sharon Stone, Joe Pesci, James Woods",8.2,https://m.media-amazon.com/images/M/MV5BMTMzMjkwMTk4Nl5BMl5BanBnXkFtZTYwNjYxMjk5._V1_SX300.jpg,English,"USA, France"
144,73195,Jaws,1975,PG,124 min,"Adventure, Drama, Thriller",Steven Spielberg,"Roy Scheider, Robert Shaw, Richard Dreyfuss, Lorraine Gary",8.1,https://m.media-amazon.com/images/M/MV5BNDcxODkyMjY4MF5BMl5BanBnXkFtZTgwOTk5NTc5MDE@._V1_SX300.jpg,English,USA
145,64116,Once Upon a Time in the West,1968,PG-13,175 min,Western,Sergio Leone,"Claudia Cardinale, Henry Fonda, Jason Robards, Charles Bronson",8.6,https://m.media-amazon.com/images/M/MV5BMTEyODQzNDkzNjVeQTJeQWpwZ15BbWU4MDgyODk1NDEx._V1_SX300.jpg,"English, Spanish, Italian","Italy, USA, Spain"
146,38787,Notorious,1946,APPROVED,101 min,"Drama, Film-Noir, Romance",Alfred Hitchcock,"Cary Grant, Ingrid Bergman, Claude Rains, Louis Calhern",8.1,https://m.media-amazon.com/images/M/MV5BMTY3NTAwMjk5OV5BMl5BanBnXkFtZTgwNDU5OTQzMTE@._V1_SX300.jpg,"English, French, Portuguese",USA
147,57115,The Great Escape,1963,APPROVED,172 min,"Adventure, Drama, History",John Sturges,"Steve McQueen, James Garner, Richard Attenborough, James Donald",8.3,https://m.media-amazon.com/images/M/MV5BMjI2MTQwNDI3Nl5BMl5BanBnXkFtZTcwNDk4MTkzNA@@._V1_SX300.jpg,"English, German, French, Russian",USA
148,107688,The Nightmare Before Christmas,1993,PG,76 min,"Animation, Family, Fantasy",Henry Selick,"Danny Elfman, Chris Sarandon, Catherine O'Hara, William Hickey",8,https://m.media-amazon.com/images/M/MV5BMTc5MDY0MjkwNV5BMl5BanBnXkFtZTcwNTk2Njk3OA@@._V1_SX300.jpg,English,USA
149,58150,Goldfinger,1964,APPROVED,110 min,"Action, Adventure, Thriller",Guy Hamilton,"Sean Connery, Honor Blackman, Gert Fr�be, Shirley Eaton",7.8,https://m.media-amazon.com/images/M/MV5BMTQ2MzE0OTU3NV5BMl5BanBnXkFtZTcwNjQxNTgzNA@@._V1_SX300.jpg,"English, Chinese, Spanish",UK
150,1028528,Death Proof,2007,R,113 min,Thriller,Quentin Tarantino,"Kurt Russell, Zo� Bell, Rosario Dawson, Vanessa Ferlito",7.1,https://m.media-amazon.com/images/M/MV5BMTUwMDQxNjIxM15BMl5BanBnXkFtZTcwMzg5MzkwNA@@._V1_SX300.jpg,English,USA
151,1024648,Argo,2012,R,120 min,"Drama, History, Thriller",Ben Affleck,"Ben Affleck, Bryan Cranston, Alan Arkin, John Goodman",7.8,https://m.media-amazon.com/images/M/MV5BMTc3MjI0MjM0NF5BMl5BanBnXkFtZTcwMTYxMTQ1OA@@._V1_SX300.jpg,"English, Persian",USA
152,1013753,Milk,2008,R,128 min,"Biography, Drama, History",Gus Van Sant,"Sean Penn, Emile Hirsch, Josh Brolin, Diego Luna",7.6,https://m.media-amazon.com/images/M/MV5BMTI2OTM5NjUzMV5BMl5BanBnXkFtZTcwMzY1MTM5MQ@@._V1_SX300.jpg,English,USA
153,120601,Being John Malkovich,1999,R,112 min,"Comedy, Drama, Fantasy",Spike Jonze,"John Cusack, Cameron Diaz, Ned Bellamy, Eric Weinstein",7.8,https://m.media-amazon.com/images/M/MV5BMTUyMjI4OTE3MV5BMl5BanBnXkFtZTcwNzMxMTUxMQ@@._V1_SX300.jpg,English,USA
154,947798,Black Swan,2010,R,108 min,"Drama, Thriller",Darren Aronofsky,"Natalie Portman, Mila Kunis, Vincent Cassel, Barbara Hershey",8,https://m.media-amazon.com/images/M/MV5BNzY2NzI4OTE5MF5BMl5BanBnXkFtZTcwMjMyNDY4Mw@@._V1_SX300.jpg,"English, French, Italian",USA
155,230600,The Others,2001,PG-13,104 min,"Horror, Thriller",Alejandro Amen�bar,"Nicole Kidman, Fionnula Flanagan, Christopher Eccleston, Alakina Mann",7.6,https://m.media-amazon.com/images/M/MV5BMTI3NjM5ODE5Ml5BMl5BanBnXkFtZTYwMzM4OTc4._V1_SX300.jpg,"English, French","USA, Spain, France, Italy"
156,388795,Brokeback Mountain,2005,R,134 min,"Drama, Romance",Ang Lee,"Heath Ledger, Jake Gyllenhaal, Randy Quaid, Valerie Planche",7.7,https://m.media-amazon.com/images/M/MV5BMTY5NTAzNTc1NF5BMl5BanBnXkFtZTYwNDY4MDc3._V1_SX300.jpg,English,"USA, Canada"
157,369339,Collateral,2004,R,120 min,"Crime, Drama, Thriller",Michael Mann,"Tom Cruise, Jamie Foxx, Jada Pinkett Smith, Mark Ruffalo",7.6,https://m.media-amazon.com/images/M/MV5BMjE3NjM5OTMxMV5BMl5BanBnXkFtZTcwOTIzMTQyMw@@._V1_SX300.jpg,"English, Spanish",USA
158,119396,Jackie Brown,1997,R,154 min,"Crime, Drama, Thriller",Quentin Tarantino,"Pam Grier, Samuel L. Jackson, Robert Forster, Bridget Fonda",7.5,https://m.media-amazon.com/images/M/MV5BMzMxMzYzMDUyNV5BMl5BanBnXkFtZTgwMjI2Mzk5MDE@._V1_SX300.jpg,English,USA
159,381061,Casino Royale,2006,PG-13,144 min,"Action, Adventure, Thriller",Martin Campbell,"Daniel Craig, Eva Green, Mads Mikkelsen, Judi Dench",8,https://m.media-amazon.com/images/M/MV5BMTM5MjI4NDExNF5BMl5BanBnXkFtZTcwMDM1MjMzMQ@@._V1_SX300.jpg,"English, French","UK, Czech Republic, USA, Germany, Bahamas"
160,91763,Platoon,1986,R,120 min,"Drama, War",Oliver Stone,"Tom Berenger, Keith David, Willem Dafoe, Forest Whitaker",8.1,https://m.media-amazon.com/images/M/MV5BNTU3NzY4ODY5MF5BMl5BanBnXkFtZTcwOTkzNzE1NA@@._V1_SX300.jpg,"English, Vietnamese","UK, USA"
161,120863,The Thin Red Line,1998,R,170 min,"Drama, War",Terrence Malick,"Nick Nolte, Jim Caviezel, Sean Penn, Elias Koteas",7.6,https://m.media-amazon.com/images/M/MV5BMTk0MjIyNTA1M15BMl5BanBnXkFtZTYwOTM3MzU5._V1_SX300.jpg,"English, Tok Pisin, Japanese, Greek",USA
162,1951264,The Hunger Games: Catching Fire,2013,PG-13,146 min,"Adventure, Sci-Fi, Thriller",Francis Lawrence,"Jennifer Lawrence, Liam Hemsworth, Jack Quaid, Taylor St. Clair",7.7,https://m.media-amazon.com/images/M/MV5BMTAyMjQ3OTAxMzNeQTJeQWpwZ15BbWU4MDU0NzA1MzAx._V1_SX300.jpg,English,USA
163,99674,The Godfather: Part III,1990,R,162 min,"Crime, Drama",Francis Ford Coppola,"Al Pacino, Diane Keaton, Talia Shire, Andy Garcia",7.6,https://m.media-amazon.com/images/M/MV5BMTU2MTA1NDMwNF5BMl5BanBnXkFtZTcwNjQzNDM5MQ@@._V1_SX300.jpg,"English, Italian, German, Latin",USA
164,120586,American History X,1998,R,119 min,"Crime, Drama",Tony Kaye,"Edward Norton, Edward Furlong, Beverly D'Angelo, Jennifer Lien",8.6,https://m.media-amazon.com/images/M/MV5BMjMzNDUwNTIyMF5BMl5BanBnXkFtZTcwNjMwNDg3OA@@._V1_SX300.jpg,English,USA
165,97165,Dead Poets Society,1989,PG,128 min,Drama,Peter Weir,"Robin Williams, Robert Sean Leonard, Ethan Hawke, Josh Charles",8,https://m.media-amazon.com/images/M/MV5BMzA5MTE0NTUwOV5BMl5BanBnXkFtZTgwOTgyMDUxMDE@._V1_SX300.jpg,English,USA
166,857191,The Visitor,2007,PG-13,104 min,Drama,Tom McCarthy,"Richard Jenkins, Haaz Sleiman, Danai Gurira, Hiam Abbass",7.7,https://m.media-amazon.com/images/M/MV5BMTIzNTg3NzkzNV5BMl5BanBnXkFtZTcwNzMwMjU2MQ@@._V1_SX300.jpg,"English, French, Arabic, Romanian",USA
167,287467,Talk to Her,2002,R,112 min,"Drama, Mystery, Romance",Pedro Almod�var,"Javier C�mara, Dar�o Grandinetti, Leonor Watling, Rosario Flores",8,https://m.media-amazon.com/images/M/MV5BMTczNTU2NjIwOF5BMl5BanBnXkFtZTYwNzExMDg5._V1_SX300.jpg,Spanish,Spain
168,1132620,The Girl with the Dragon Tattoo,2009,R,152 min,"Crime, Drama, Mystery",Niels Arden Oplev,"Michael Nyqvist, Noomi Rapace, Lena Endre, Sven-Bertil Taube",7.8,https://m.media-amazon.com/images/M/MV5BMTc2Mjc0MDg3MV5BMl5BanBnXkFtZTcwMjUzMDkxMw@@._V1_SX300.jpg,"Swedish, English","Sweden, Denmark, Germany, Norway"
169,82096,Das Boot,1981,R,149 min,"Adventure, Drama, War",Wolfgang Petersen,"J�rgen Prochnow, Herbert Gr�nemeyer, Klaus Wennemann, Hubertus Bengsch",8.4,https://m.media-amazon.com/images/M/MV5BMjE5Mzk5OTQ0Nl5BMl5BanBnXkFtZTYwNzUwMTQ5._V1_SX300.jpg,"German, English, French",West Germany
170,375063,Sideways,2004,R,126 min,"Comedy, Drama, Romance",Alexander Payne,"Paul Giamatti, Thomas Haden Church, Virginia Madsen, Sandra Oh",7.6,https://m.media-amazon.com/images/M/MV5BMTU0Mjg3MzkxOV5BMl5BanBnXkFtZTYwNDU1OTY3._V1_SX300.jpg,"English, Armenian","USA, Hungary"
171,105323,Scent of a Woman,1992,R,156 min,Drama,Martin Brest,"Al Pacino, Chris O'Donnell, James Rebhorn, Gabrielle Anwar",8,https://m.media-amazon.com/images/M/MV5BMjE1Nzk4NDIzMl5BMl5BanBnXkFtZTgwODQxNzQxMTE@._V1_SX300.jpg,English,USA
172,68473,Deliverance,1972,R,110 min,"Adventure, Drama, Thriller",John Boorman,"Jon Voight, Burt Reynolds, Ned Beatty, Ronny Cox",7.8,https://m.media-amazon.com/images/M/MV5BMTA0MjAyNjY5MDReQTJeQWpwZ15BbWU4MDU5ODI3NTAx._V1_SX300.jpg,English,USA
173,936501,Taken,2008,PG-13,93 min,"Action, Thriller",Pierre Morel,"Liam Neeson, Maggie Grace, Leland Orser, Jon Gries",7.9,https://m.media-amazon.com/images/M/MV5BMTM4NzQ0OTYyOF5BMl5BanBnXkFtZTcwMDkyNjQyMg@@._V1_SX300.jpg,"English, French, Albanian, Arabic",France
174,96874,Back to the Future Part II,1989,PG,108 min,"Action, Adventure, Comedy",Robert Zemeckis,"Michael J. Fox, Christopher Lloyd, Lea Thompson, Thomas F. Wilson",7.8,https://m.media-amazon.com/images/M/MV5BNjE5ODg4NzY1MF5BMl5BanBnXkFtZTcwMjI3MzYwMg@@._V1_SX300.jpg,English,USA
175,50539,The Incredible Shrinking Man,1957,PASSED,81 min,"Drama, Sci-Fi, Thriller",Jack Arnold,"Grant Williams, Randy Stuart, April Kent, Paul Langton",7.7,https://m.media-amazon.com/images/M/MV5BMTMwNzE5NjE0Nl5BMl5BanBnXkFtZTcwMjY2MDEyMQ@@._V1_SX300.jpg,English,USA
176,106977,The Fugitive,1993,PG-13,130 min,"Action, Adventure, Crime",Andrew Davis,"Harrison Ford, Tommy Lee Jones, Sela Ward, Julianne Moore",7.8,https://m.media-amazon.com/images/M/MV5BMTU2OTkxNDA2OV5BMl5BanBnXkFtZTgwMzg3MjkyMTE@._V1_SX300.jpg,"English, Polish, Spanish",USA
177,1130884,Shutter Island,2010,R,138 min,"Mystery, Thriller",Martin Scorsese,"Leonardo DiCaprio, Mark Ruffalo, Ben Kingsley, Max von Sydow",8.1,https://m.media-amazon.com/images/M/MV5BMTMxMTIyNzMxMV5BMl5BanBnXkFtZTcwOTc4OTI3Mg@@._V1_SX300.jpg,"English, German",USA
178,118715,The Big Lebowski,1998,R,117 min,"Comedy, Crime","Joel Coen, Ethan Coen","Jeff Bridges, John Goodman, Julianne Moore, Steve Buscemi",8.2,https://m.media-amazon.com/images/M/MV5BMTQ0NjUzMDMyOF5BMl5BanBnXkFtZTgwODA1OTU0MDE@._V1_SX300.jpg,"English, German, Hebrew, Spanish","USA, UK"
179,70849,Last Tango in Paris,1972,NC-17,129 min,"Drama, Romance",Bernardo Bertolucci,"Marlon Brando, Maria Schneider, Maria Michi, Giovanna Galletti",7.2,https://m.media-amazon.com/images/M/MV5BMjE5ODQyMTI0OV5BMl5BanBnXkFtZTcwODgyNTEzNA@@._V1_SX300.jpg,"English, French","France, Italy"
180,134119,The Talented Mr. Ripley,1999,R,139 min,"Crime, Drama, Thriller",Anthony Minghella,"Matt Damon, Gwyneth Paltrow, Jude Law, Cate Blanchett",7.3,https://m.media-amazon.com/images/M/MV5BMTg5NzQ4ODU1OF5BMl5BanBnXkFtZTgwNjkxNTYxMTE@._V1_SX300.jpg,"English, Italian",USA
181,83944,First Blood,1982,R,93 min,"Action, Thriller",Ted Kotcheff,"Sylvester Stallone, Richard Crenna, Brian Dennehy, Bill McKinney",7.7,https://m.media-amazon.com/images/M/MV5BNzk5NDc4MDQyNV5BMl5BanBnXkFtZTgwNzg5NTYxMTE@._V1_SX300.jpg,English,USA
182,1139328,The Ghost Writer,2010,PG-13,128 min,"Crime, Drama, Mystery",Roman Polanski,"Ewan McGregor, Jon Bernthal, Tim Preece, James Belushi",7.2,https://m.media-amazon.com/images/M/MV5BMTI3NzMwMzkyNV5BMl5BanBnXkFtZTcwODk4NjQxMw@@._V1_SX300.jpg,English,"France, Germany, UK"
183,405159,Million Dollar Baby,2004,PG-13,132 min,"Drama, Sport",Clint Eastwood,"Clint Eastwood, Hilary Swank, Morgan Freeman, Jay Baruchel",8.1,https://m.media-amazon.com/images/M/MV5BMTkxNzA1NDQxOV5BMl5BanBnXkFtZTcwNTkyMTIzMw@@._V1_SX300.jpg,"English, Irish",USA
184,243133,The Man Who Wasn't There,2001,R,116 min,"Crime, Drama","Joel Coen, Ethan Coen","Billy Bob Thornton, Frances McDormand, Michael Badalucco, James Gandolfini",7.6,https://m.media-amazon.com/images/M/MV5BMTIxNDA0NTExNF5BMl5BanBnXkFtZTYwMTI2MDI5._V1_SX300.jpg,"English, Italian, French","USA, UK"
185,1125849,The Wrestler,2008,R,109 min,"Drama, Sport",Darren Aronofsky,"Mickey Rourke, Marisa Tomei, Evan Rachel Wood, Mark Margolis",7.9,https://m.media-amazon.com/images/M/MV5BMTc5MjYyOTg4MF5BMl5BanBnXkFtZTcwNDc2MzQwMg@@._V1_SX300.jpg,English,"USA, France"
186,1289406,Harry Brown,2009,R,103 min,"Action, Crime, Drama",Daniel Barber,"Michael Caine, Emily Mortimer, Charlie Creed-Miles, David Bradley",7.2,https://m.media-amazon.com/images/M/MV5BMTM5NjE2NzI2Ml5BMl5BanBnXkFtZTcwNDY0ODUyMw@@._V1_SX300.jpg,English,UK
187,258463,The Bourne Identity,2002,PG-13,119 min,"Action, Mystery, Thriller",Doug Liman,"Matt Damon, Franka Potente, Chris Cooper, Clive Owen",7.9,https://m.media-amazon.com/images/M/MV5BMTQ3MDA4MDIyN15BMl5BanBnXkFtZTYwOTg0Njk4._V1_SX300.jpg,"English, French, German, Dutch, Italian","USA, Germany, Czech Republic"
188,77288,La Cage aux Folles,1978,R,110 min,Comedy,�douard Molinaro,"Ugo Tognazzi, Michel Serrault, Claire Maurier, R�mi Laurent",7.3,https://m.media-amazon.com/images/M/MV5BMTMyODA5NzQ2OV5BMl5BanBnXkFtZTcwODE5ODg0NA@@._V1_SX300.jpg,French,"France, Italy"
189,469494,There Will Be Blood,2007,R,158 min,Drama,Paul Thomas Anderson,"Daniel Day-Lewis, Martin Stringer, Matthew Braden Stringer, Jacob Stringer",8.1,https://m.media-amazon.com/images/M/MV5BMjA0NjE1ODEyNV5BMl5BanBnXkFtZTcwNDIzMzE5NQ@@._V1_SX300.jpg,"English, American Sign Language",USA
190,249462,Billy Elliot,2000,PG-13,110 min,"Comedy, Drama, Music",Stephen Daldry,"Jamie Bell, Jean Heywood, Jamie Draven, Gary Lewis",7.7,https://m.media-amazon.com/images/M/MV5BMTU0NTg3MzUxOF5BMl5BanBnXkFtZTgwMjcxNjcxMTE@._V1_SX300.jpg,English,"UK, France"
191,449059,Little Miss Sunshine,2006,R,101 min,"Comedy, Drama","Jonathan Dayton, Valerie Faris","Abigail Breslin, Greg Kinnear, Paul Dano, Alan Arkin",7.9,https://m.media-amazon.com/images/M/MV5BMTgzNTgzODU0NV5BMl5BanBnXkFtZTcwMjEyMjMzMQ@@._V1_SX300.jpg,English,USA
192,2310332,The Hobbit: The Battle of the Five Armies,2014,PG-13,144 min,"Adventure, Fantasy",Peter Jackson,"Ian McKellen, Martin Freeman, Richard Armitage, Ken Stott",7.5,https://m.media-amazon.com/images/M/MV5BODAzMDgxMDc1MF5BMl5BanBnXkFtZTgwMTI0OTAzMjE@._V1_SX300.jpg,English,"New Zealand, USA"
193,1392170,The Hunger Games,2012,PG-13,142 min,"Adventure, Sci-Fi, Thriller",Gary Ross,"Stanley Tucci, Wes Bentley, Jennifer Lawrence, Willow Shields",7.3,https://m.media-amazon.com/images/M/MV5BMjA4NDg3NzYxMF5BMl5BanBnXkFtZTcwNTgyNzkyNw@@._V1_SX300.jpg,English,USA
194,54215,Psycho,1960,R,109 min,"Horror, Mystery, Thriller",Alfred Hitchcock,"Anthony Perkins, Vera Miles, John Gavin, Janet Leigh",8.6,https://m.media-amazon.com/images/M/MV5BNjI3OTAxNjI5OV5BMl5BanBnXkFtZTgwMzk4ODE4MzE@._V1_SX300.jpg,English,USA
195,83866,E.T. the Extra-Terrestrial,1982,PG,115 min,"Family, Sci-Fi",Steven Spielberg,"Dee Wallace, Henry Thomas, Peter Coyote, Robert MacNaughton",7.9,https://m.media-amazon.com/images/M/MV5BMTc1NTQ0MTUyNF5BMl5BanBnXkFtZTcwMDYzMDU2Mw@@._V1_SX300.jpg,English,USA
196,79417,Kramer vs. Kramer,1979,APPROVED,105 min,Drama,Robert Benton,"Dustin Hoffman, Meryl Streep, Jane Alexander, Justin Henry",7.8,https://m.media-amazon.com/images/M/MV5BMjM1OTIyNzQ5Nl5BMl5BanBnXkFtZTgwNzQzMzcxMTE@._V1_SX300.jpg,English,USA
197,328589,Under the Tuscan Sun,2003,PG-13,113 min,"Comedy, Drama, Romance",Audrey Wells,"Diane Lane, Sandra Oh, Lindsay Duncan, Raoul Bova",6.7,https://m.media-amazon.com/images/M/MV5BMTAxMTE4MTIyNTFeQTJeQWpwZ15BbWU2MDUxNDEyNw@@._V1_SX300.jpg,"English, Italian, Polish, French, Spanish, German","USA, Italy"
198,407265,Transamerica,2005,R,103 min,"Adventure, Comedy, Drama",Duncan Tucker,"Andrea James, Felicity Huffman, Danny Burstein, Maurice Orozco",7.5,https://m.media-amazon.com/images/M/MV5BMTQwMjExNzkzMV5BMl5BanBnXkFtZTcwMjczNjEzMQ@@._V1_SX300.jpg,"English, Spanish",USA
199,910970,WALL�E,2008,G,98 min,"Animation, Adventure, Family",Andrew Stanton,"Ben Burtt, Elissa Knight, Jeff Garlin, Fred Willard",8.4,https://m.media-amazon.com/images/M/MV5BMTczOTA3MzY2N15BMl5BanBnXkFtZTcwOTYwNjE2MQ@@._V1_SX300.jpg,English,USA
200,66999,Dirty Harry,1971,R,102 min,"Action, Crime, Thriller",Don Siegel,"Clint Eastwood, Harry Guardino, Reni Santoni, John Vernon",7.8,"https://m.media-amazon.com/images/M/MV5BMTg3MDQ4Njg5MV5BMl5BanBnXkFtZTgwMTU2OTM5NDE@._V1._CR96,139,852,1256_SY132_CR0,0,89,132_AL_.jpg_V1_SX300.jpg",English,USA
201,121766,Star Wars: Episode III - Revenge of the Sith,2005,PG-13,140 min,"Action, Adventure, Fantasy",George Lucas,"Ewan McGregor, Natalie Portman, Hayden Christensen, Ian McDiarmid",7.7,https://m.media-amazon.com/images/M/MV5BNTc4MTc3NTQ5OF5BMl5BanBnXkFtZTcwOTg0NjI4NA@@._V1_SX300.jpg,English,USA
202,92005,Stand by Me,1986,R,89 min,"Adventure, Drama",Rob Reiner,"Wil Wheaton, River Phoenix, Corey Feldman, Jerry O'Connell",8.1,https://m.media-amazon.com/images/M/MV5BNDk2MTkyMTA1OF5BMl5BanBnXkFtZTcwOTc2Njk3OA@@._V1_SX300.jpg,English,USA
203,87800,A Nightmare on Elm Street,1984,R,91 min,Horror,Wes Craven,"John Saxon, Ronee Blakley, Heather Langenkamp, Amanda Wyss",7.5,https://m.media-amazon.com/images/M/MV5BMTMxOTk4NjMzOV5BMl5BanBnXkFtZTcwOTQ3NDAzMg@@._V1_SX300.jpg,English,USA
204,266543,Finding Nemo,2003,G,100 min,"Animation, Adventure, Comedy","Andrew Stanton, Lee Unkrich","Albert Brooks, Ellen DeGeneres, Alexander Gould, Willem Dafoe",8.2,https://m.media-amazon.com/images/M/MV5BMTY1MTg1NDAxOV5BMl5BanBnXkFtZTcwMjg1MDI5Nw@@._V1_SX300.jpg,English,USA
205,113409,In the Mouth of Madness,1994,R,95 min,Horror,John Carpenter,"Sam Neill, Julie Carmen, J�rgen Prochnow, David Warner",7.2,https://m.media-amazon.com/images/M/MV5BMTc0MzkxOTYxNl5BMl5BanBnXkFtZTcwODY2MzYxMQ@@._V1_SX300.jpg,English,USA
206,119116,The Fifth Element,1997,PG-13,126 min,"Action, Adventure, Romance",Luc Besson,"Bruce Willis, Gary Oldman, Ian Holm, Milla Jovovich",7.6,https://m.media-amazon.com/images/M/MV5BMTkzOTkwNTI4N15BMl5BanBnXkFtZTYwMDIzNzI5._V1_SX300.jpg,"English, Swedish, German",France
207,167404,The Sixth Sense,1999,PG-13,107 min,"Drama, Mystery, Thriller",M. Night Shyamalan,"Bruce Willis, Haley Joel Osment, Toni Collette, Olivia Williams",8.2,https://m.media-amazon.com/images/M/MV5BMTc2MTQxNDI5MV5BMl5BanBnXkFtZTYwNjkzMDc4._V1_SX300.jpg,"English, Latin, Spanish",USA
208,245712,Amores Perros,2000,R,154 min,"Drama, Thriller",Alejandro Gonz�lez I��rritu,"Emilio Echevarr�a, Gael Garc�a Bernal, Goya Toledo, �lvaro Guerrero",8.1,https://m.media-amazon.com/images/M/MV5BMjIyNTA5MzQ5N15BMl5BanBnXkFtZTcwNjIyNTgxMQ@@._V1_SX300.jpg,Spanish,Mexico
209,107290,Jurassic Park,1993,PG-13,127 min,"Adventure, Sci-Fi, Thriller",Steven Spielberg,"Sam Neill, Laura Dern, Jeff Goldblum, Richard Attenborough",8.1,https://m.media-amazon.com/images/M/MV5BMjM2MDgxMDg0Nl5BMl5BanBnXkFtZTgwNTM2OTM5NDE@._V1_SX300.jpg,"English, Spanish",USA
210,106519,Carlito's Way,1993,R,144 min,"Crime, Drama",Brian De Palma,"Al Pacino, Sean Penn, Penelope Ann Miller, John Leguizamo",7.9,https://m.media-amazon.com/images/M/MV5BMjA2NDA0NTQ1M15BMl5BanBnXkFtZTgwODA5MDgxMTE@._V1_SX300.jpg,"English, Spanish",USA
211,106308,Army of Darkness,1992,R,81 min,"Comedy, Fantasy, Horror",Sam Raimi,"Bruce Campbell, Embeth Davidtz, Marcus Gilbert, Ian Abercrombie",7.6,https://m.media-amazon.com/images/M/MV5BMTU5MDUxMjc3NF5BMl5BanBnXkFtZTgwNjg4NjY1MDE@._V1_SX300.jpg,English,USA
212,95159,A Fish Called Wanda,1988,R,108 min,"Comedy, Crime","Charles Crichton, John Cleese","John Cleese, Jamie Lee Curtis, Kevin Kline, Michael Palin",7.6,https://m.media-amazon.com/images/M/MV5BMjE5OTIzODI4Nl5BMl5BanBnXkFtZTcwNDg3NzYzNA@@._V1_SX300.jpg,"English, Italian, Russian, French","USA, UK"
213,119217,Good Will Hunting,1997,R,126 min,Drama,Gus Van Sant,"Matt Damon, Robin Williams, Ben Affleck, Stellan Skarsg�rd",8.3,https://m.media-amazon.com/images/M/MV5BMTk0NjY0Mzg5MF5BMl5BanBnXkFtZTcwNzM1OTM2MQ@@._V1_SX300.jpg,English,USA
214,51459,Cat on a Hot Tin Roof,1958,APPROVED,108 min,"Drama, Romance",Richard Brooks,"Elizabeth Taylor, Paul Newman, Burl Ives, Jack Carson",8.1,https://m.media-amazon.com/images/M/MV5BMjA4MDUzNDk4N15BMl5BanBnXkFtZTcwNDYyMjA0Mg@@._V1_SX300.jpg,English,USA
215,100802,Total Recall,1990,R,113 min,"Action, Sci-Fi",Paul Verhoeven,"Arnold Schwarzenegger, Rachel Ticotin, Sharon Stone, Ronny Cox",7.5,https://m.media-amazon.com/images/M/MV5BMTc2MTU4ODI5MF5BMl5BanBnXkFtZTcwODI2MzAyOA@@._V1_SX300.jpg,English,USA
216,190332,"Crouching Tiger, Hidden Dragon",2000,PG-13,120 min,"Action, Drama, Romance",Ang Lee,"Yun-Fat Chow, Michelle Yeoh, Ziyi Zhang, Chen Chang",7.9,https://m.media-amazon.com/images/M/MV5BMTY5MjM4NjIxOF5BMl5BanBnXkFtZTcwNDg5NzU2OQ@@._V1_SX300.jpg,Mandarin,"Taiwan, Hong Kong, USA, China"
217,150662,Show Me Love,1998,UNRATED,89 min,"Comedy, Drama, Romance",Lukas Moodysson,"Alexandra Dahlstr�m, Rebecka Liljeberg, Erica Carlson, Mathias Rust",7.7,https://m.media-amazon.com/images/M/MV5BMjE0NDY0MjcxN15BMl5BanBnXkFtZTcwNzYxMDQyMQ@@._V1_SX300.jpg,Swedish,"Sweden, Denmark"
218,315733,21 Grams,2003,R,124 min,"Crime, Drama, Thriller",Alejandro Gonz�lez I��rritu,"Sean Penn, Naomi Watts, Danny Huston, Carly Nahon",7.7,https://m.media-amazon.com/images/M/MV5BMjA4MjI2OTM5N15BMl5BanBnXkFtZTcwNDA1NjUzMw@@._V1_SX300.jpg,English,USA
219,101540,Cape Fear,1991,R,128 min,"Crime, Thriller",Martin Scorsese,"Robert De Niro, Nick Nolte, Jessica Lange, Juliette Lewis",7.3,https://m.media-amazon.com/images/M/MV5BMjE0NDE2MDI2MF5BMl5BanBnXkFtZTgwOTU2Mzk5MDE@._V1_SX300.jpg,English,USA
220,454848,Inside Man,2006,R,129 min,"Crime, Drama, Mystery",Spike Lee,"Denzel Washington, Clive Owen, Jodie Foster, Christopher Plummer",7.6,https://m.media-amazon.com/images/M/MV5BMTcxMDE4NTU4OF5BMl5BanBnXkFtZTcwMjg4NjQzMQ@@._V1_SX300.jpg,"English, Albanian, Spanish",USA
221,458481,Sin City: A Dame to Kill For,2014,R,102 min,"Crime, Thriller","Frank Miller, Robert Rodriguez","Mickey Rourke, Jessica Alba, Josh Brolin, Joseph Gordon-Levitt",6.6,https://m.media-amazon.com/images/M/MV5BMjA5ODYwNjgxMF5BMl5BanBnXkFtZTgwMTcwNzAyMjE@._V1_SX300.jpg,English,USA
222,107048,Groundhog Day,1993,PG,101 min,"Comedy, Romance",Harold Ramis,"Bill Murray, Andie MacDowell, Chris Elliott, Stephen Tobolowsky",8.1,https://m.media-amazon.com/images/M/MV5BMTU0MzQyNTExMV5BMl5BanBnXkFtZTgwMjA0Njk1MDE@._V1_SX300.jpg,"English, French, Italian",USA
223,102138,JFK,1991,R,189 min,"Drama, History, Thriller",Oliver Stone,"Sally Kirkland, Anthony Ramirez, Ray LePere, Steve Reed",8,https://m.media-amazon.com/images/M/MV5BMTY4ODI3Njg5N15BMl5BanBnXkFtZTgwODgyMDUxMDE@._V1_SX300.jpg,"English, Spanish","France, USA"
224,265086,Black Hawk Down,2001,R,144 min,"Drama, History, Thriller",Ridley Scott,"Josh Hartnett, Ewan McGregor, Tom Sizemore, Eric Bana",7.7,https://m.media-amazon.com/images/M/MV5BMTQxODgzMjYyN15BMl5BanBnXkFtZTgwNDU4NTYxMTE@._V1_SX300.jpg,"English, Somali","USA, UK"
225,275491,Bad Education,2004,NC-17,106 min,"Crime, Drama, Mystery",Pedro Almod�var,"Gael Garc�a Bernal, Fele Mart�nez, Daniel Gim�nez Cacho, Llu�s Homar",7.5,https://m.media-amazon.com/images/M/MV5BMTIxMTc4NDQxOF5BMl5BanBnXkFtZTYwMjk3ODY3._V1_SX300.jpg,"Spanish, Latin",Spain
226,409459,Watchmen,2009,R,162 min,"Action, Mystery, Sci-Fi",Zack Snyder,"Malin Akerman, Billy Crudup, Matthew Goode, Jackie Earle Haley",7.6,https://m.media-amazon.com/images/M/MV5BMTc0NjI2OTYxMF5BMl5BanBnXkFtZTcwMTcxMjkyMg@@._V1_SX300.jpg,English,USA
227,2113681,The 100-Year-Old Man Who Climbed Out the Window and Disappeared,2013,R,114 min,"Adventure, Comedy",Felix Herngren,"Robert Gustafsson, Iwar Wiklander, David Wiberg, Mia Sk�ringer",7.1,https://m.media-amazon.com/images/M/MV5BNDUyMzU5MTk5MF5BMl5BanBnXkFtZTgwNjcxNDQxNTE@._V1_SX300.jpg,"Swedish, German, English, Spanish, French, Russian","Sweden, Russia, UK, France, Spain"
228,300140,Lilya 4-Ever,2002,R,109 min,"Crime, Drama",Lukas Moodysson,"Oksana Akinshina, Artyom Bogucharskiy, Lyubov Agapova, Liliya Shinkaryova",7.9,https://m.media-amazon.com/images/M/MV5BMTQ1ODM1Nzc1OF5BMl5BanBnXkFtZTcwMDI3MDg4NA@@._V1_SX300.jpg,"Russian, Swedish, English, Polish","Sweden, Denmark"
229,369702,The Sea Inside,2004,PG-13,125 min,"Biography, Drama, Romance",Alejandro Amen�bar,"Javier Bardem, Bel�n Rueda, Lola Due�as, Mabel Rivera",8.1,https://m.media-amazon.com/images/M/MV5BMjE0NDk2NjgwMV5BMl5BanBnXkFtZTYwMTgyMzA3._V1_SX300.jpg,"Spanish, Catalan, Gallegan","Spain, France, Italy"
230,264464,Catch Me If You Can,2002,PG-13,141 min,"Biography, Crime, Drama",Steven Spielberg,"Leonardo DiCaprio, Tom Hanks, Christopher Walken, Martin Sheen",8,https://m.media-amazon.com/images/M/MV5BMTY5MzYzNjc5NV5BMl5BanBnXkFtZTYwNTUyNTc2._V1_SX300.jpg,"English, French","USA, Canada"
231,125664,Man on the Moon,1999,R,118 min,"Biography, Comedy, Drama",Milos Forman,"Jim Carrey, Gerry Becker, Greyson Erik Pendry, Brittany Colonna",7.4,https://m.media-amazon.com/images/M/MV5BMjA0ODEwMzEzNl5BMl5BanBnXkFtZTYwMTcyODQ5._V1_SX300.jpg,English,"UK, Germany, Japan, USA"
232,106246,Alive,1993,R,120 min,"Action, Adventure, Biography",Frank Marshall,"Ethan Hawke, Vincent Spano, Josh Hamilton, Bruce Ramsay",7,https://m.media-amazon.com/images/M/MV5BMTU4MTc2ODMyNl5BMl5BanBnXkFtZTcwMDYxNDYxMQ@@._V1_SX300.jpg,English,"USA, Canada"
233,266987,Spy Game,2001,R,126 min,"Action, Crime, Thriller",Tony Scott,"Robert Redford, Brad Pitt, Catherine McCormack, Stephen Dillane",7,https://m.media-amazon.com/images/M/MV5BNjI2OTU4NDcyNl5BMl5BanBnXkFtZTYwNTM2OTU3._V1_SX300.jpg,"English, German, Arabic, French, Cantonese","Germany, USA, Japan, France"
234,824747,Changeling,2008,R,141 min,"Drama, History, Mystery",Clint Eastwood,"Angelina Jolie, Gattlin Griffith, Michelle Gunn, Michael Kelly",7.8,https://m.media-amazon.com/images/M/MV5BOTA1Mzg3NjIxNV5BMl5BanBnXkFtZTcwNzU2NTc5MQ@@._V1_SX300.jpg,English,USA
235,976051,The Reader,2008,R,124 min,"Drama, Romance",Stephen Daldry,"Ralph Fiennes, Jeanette Hain, David Kross, Kate Winslet",7.6,https://m.media-amazon.com/images/M/MV5BMTM0NDQxNjA0N15BMl5BanBnXkFtZTcwNDUwMzcwMg@@._V1_SX300.jpg,"English, German, Greek, Latin","USA, Germany"
236,93773,Predator,1987,R,107 min,"Action, Horror, Sci-Fi",John McTiernan,"Arnold Schwarzenegger, Carl Weathers, Elpidia Carrillo, Bill Duke",7.8,"https://m.media-amazon.com/images/M/MV5BMTI2ODMzODA0Ml5BMl5BanBnXkFtZTYwNTM3NzY5._V1._CR17,27,308,447_SY132_CR1,0,89,132_AL_.jpg_V1_SX300.jpg","English, Spanish",USA
237,252503,Heist,2001,R,109 min,"Action, Crime, Drama",David Mamet,"Gene Hackman, Danny DeVito, Delroy Lindo, Sam Rockwell",6.6,https://m.media-amazon.com/images/M/MV5BMTI5ODMxMjQ0Ml5BMl5BanBnXkFtZTcwOTc2NTA0Mg@@._V1_SX300.jpg,English,"Canada, USA"
238,200465,The Bank Job,2008,R,111 min,"Crime, Drama, Thriller",Roger Donaldson,"Jason Statham, Saffron Burrows, Stephen Campbell Moore, Daniel Mays",7.3,https://m.media-amazon.com/images/M/MV5BMTUwMzc1MDMxOV5BMl5BanBnXkFtZTcwODY4OTIzMw@@._V1_SX300.jpg,"English, Latin","UK, USA, Australia"
239,90756,Blue Velvet,1986,R,120 min,"Crime, Drama, Mystery",David Lynch,"Isabella Rossellini, Kyle MacLachlan, Dennis Hopper, Laura Dern",7.8,https://m.media-amazon.com/images/M/MV5BMTczNjE4NTQwNF5BMl5BanBnXkFtZTgwODI3Mjc1MDE@._V1_SX300.jpg,English,USA
240,146882,High Fidelity,2000,R,113 min,"Comedy, Drama, Music",Stephen Frears,"John Cusack, Iben Hjejle, Todd Louiso, Jack Black",7.6,https://m.media-amazon.com/images/M/MV5BMTgxMTI1ODYyOV5BMl5BanBnXkFtZTYwNjQyOTI3._V1_SX300.jpg,"English, Danish","UK, USA"
241,421715,The Curious Case of Benjamin Button,2008,PG-13,166 min,"Drama, Fantasy, Romance",David Fincher,"Cate Blanchett, Brad Pitt, Julia Ormond, Faune Chambers Watkins",7.8,https://m.media-amazon.com/images/M/MV5BNjQ0NTY2ODY2M15BMl5BanBnXkFtZTgwMjE4MzkxMDE@._V1_SX300.jpg,"English, Russian, French",USA
242,116209,The English Patient,1996,R,162 min,"Drama, Romance, War",Anthony Minghella,"Ralph Fiennes, Juliette Binoche, Willem Dafoe, Kristin Scott Thomas",7.4,https://m.media-amazon.com/images/M/MV5BNDg2OTcxNDE0OF5BMl5BanBnXkFtZTgwOTg2MDM0MDE@._V1_SX300.jpg,"English, German, Italian, Arabic","USA, UK"
243,32138,The Wizard of Oz,1939,PASSED,102 min,"Adventure, Family, Fantasy","Victor Fleming, George Cukor, Mervyn LeRoy, Norman Taurog, King Vidor","Judy Garland, Frank Morgan, Ray Bolger, Bert Lahr",8.1,https://m.media-amazon.com/images/M/MV5BMTU0MTA2OTIwNF5BMl5BanBnXkFtZTcwMzA0Njk3OA@@._V1_SX300.jpg,English,USA
244,32904,The Philadelphia Story,1940,NOT RATED,112 min,"Comedy, Romance",George Cukor,"Cary Grant, Katharine Hepburn, James Stewart, Ruth Hussey",8.1,https://m.media-amazon.com/images/M/MV5BMjA2NzYzMjE3MF5BMl5BanBnXkFtZTgwNDExMDY0MzE@._V1_SX300.jpg,"English, French",USA
245,53221,Rio Bravo,1959,NOT RATED,141 min,"Drama, Romance, Western",Howard Hawks,"John Wayne, Dean Martin, Ricky Nelson, Angie Dickinson",8.1,https://m.media-amazon.com/images/M/MV5BMTI2OTA4NTcyOF5BMl5BanBnXkFtZTYwMTIxMjA5._V1_SX300.jpg,"English, Spanish",USA
246,372824,The Chorus,2004,PG-13,97 min,"Drama, Music",Christophe Barratier,"G�rard Jugnot, Fran�ois Berl�and, Kad Merad, Jean-Paul Bonnaire",7.9,https://m.media-amazon.com/images/M/MV5BMTgyNTk5MDI1Ml5BMl5BanBnXkFtZTcwODc5NzcyMQ@@._V1_SX300.jpg,French,"France, Switzerland, Germany"
247,399295,Lord of War,2005,R,122 min,"Crime, Drama, Thriller",Andrew Niccol,"Nicolas Cage, Bridget Moynahan, Jared Leto, Shake Tukhmanyan",7.6,https://m.media-amazon.com/images/M/MV5BMjEzNDM2OTgzN15BMl5BanBnXkFtZTcwMzU3MTIzMQ@@._V1_SX300.jpg,"English, Ukrainian, German, Spanish, Russian, French, Arabic, Turkish","USA, Germany, France"
248,120735,"Lock, Stock and Two Smoking Barrels",1998,R,107 min,"Comedy, Crime",Guy Ritchie,"Jason Flemyng, Dexter Fletcher, Nick Moran, Jason Statham",8.2,https://m.media-amazon.com/images/M/MV5BMTU4MTM1MjUxMF5BMl5BanBnXkFtZTYwOTEzODY4._V1_SX300.jpg,English,UK
249,319061,Big Fish,2003,PG-13,125 min,"Adventure, Drama, Fantasy",Tim Burton,"Ewan McGregor, Albert Finney, Billy Crudup, Jessica Lange",8,https://m.media-amazon.com/images/M/MV5BMTYyMzM3MzgyNV5BMl5BanBnXkFtZTcwMTI4MzUyMQ@@._V1_SX300.jpg,English,USA
250,103873,Dead Alive,1992,R,104 min,"Comedy, Horror, Romance",Peter Jackson,"Timothy Balme, Diana Pe�alver, Elizabeth Moody, Ian Watkin",7.6,https://m.media-amazon.com/images/M/MV5BMTcwMzY5MTYxNF5BMl5BanBnXkFtZTYwOTUwOTc4._V1_SX300.jpg,"English, Spanish",New Zealand
251,258068,The Quiet American,2002,R,101 min,"Drama, Mystery, Romance",Phillip Noyce,"Michael Caine, Brendan Fraser, Do Thi Hai Yen, Rade Serbedzija",7.1,https://m.media-amazon.com/images/M/MV5BMjE2NTUxNTE3Nl5BMl5BanBnXkFtZTYwNTczMTg5._V1_SX300.jpg,"English, French, Vietnamese","UK, Germany, USA, Australia, France"
252,116922,Lost Highway,1997,R,134 min,"Drama, Thriller",David Lynch,"Bill Pullman, Patricia Arquette, John Roselius, Louis Eppolito",7.7,https://m.media-amazon.com/images/M/MV5BMTk3MzUxOTQyNF5BMl5BanBnXkFtZTgwODM3Mjc1MDE@._V1_SX300.jpg,English,"France, USA"
253,181689,Minority Report,2002,PG-13,145 min,"Action, Mystery, Sci-Fi",Steven Spielberg,"Tom Cruise, Max von Sydow, Steve Harris, Neal McDonough",7.7,https://m.media-amazon.com/images/M/MV5BMTc1NDI5NzQyNF5BMl5BanBnXkFtZTYwMjc4NTE5._V1_SX300.jpg,"English, Swedish",USA
254,765443,Eastern Promises,2007,R,100 min,"Crime, Thriller",David Cronenberg,"Josef Altin, Mina E. Mina, Aleksandar Mikic, Sarah-Jeanne Labrosse",7.7,https://m.media-amazon.com/images/M/MV5BMTcwMzU0OTY3NF5BMl5BanBnXkFtZTYwNzkwNjg2._V1_SX300.jpg,"English, Russian, Turkish, Ukrainian, Urdu","USA, UK, Canada"
255,240772,Ocean's Eleven,2001,PG-13,116 min,"Crime, Thriller",Steven Soderbergh,"George Clooney, Cecelia Ann Birt, Paul L. Nolan, Carol Florence",7.8,https://m.media-amazon.com/images/M/MV5BMTY0Mzg4MzgwN15BMl5BanBnXkFtZTgwNDk0MzkxMDE@._V1_SX300.jpg,"English, Italian, Cantonese",USA
256,1067583,Water for Elephants,2011,PG-13,120 min,"Drama, Romance",Francis Lawrence,"Reese Witherspoon, Robert Pattinson, Christoph Waltz, Paul Schneider",7,https://m.media-amazon.com/images/M/MV5BMTQzMDU3NDEwN15BMl5BanBnXkFtZTcwMTI3MDU0NA@@._V1_SX300.jpg,"English, Polish",USA
257,314331,Love Actually,2003,R,135 min,"Comedy, Drama, Romance",Richard Curtis,"Bill Nighy, Gregor Fisher, Rory MacGregor, Colin Firth",7.7,https://m.media-amazon.com/images/M/MV5BMTY4NjQ5NDc0Nl5BMl5BanBnXkFtZTYwNjk5NDM3._V1_SX300.jpg,"English, Portuguese, French","UK, USA, France"
258,257360,About Schmidt,2002,R,125 min,"Comedy, Drama",Alexander Payne,"Jack Nicholson, Kathy Bates, Hope Davis, Dermot Mulroney",7.2,https://m.media-amazon.com/images/M/MV5BMTYxOTAyNjEzNV5BMl5BanBnXkFtZTcwMTAxMDAwMQ@@._V1_SX300.jpg,English,USA
259,119314,The Horse Whisperer,1998,PG-13,170 min,"Drama, Romance, Western",Robert Redford,"Robert Redford, Kristin Scott Thomas, Sam Neill, Dianne Wiest",6.5,https://m.media-amazon.com/images/M/MV5BMjAzNDM0OTc2N15BMl5BanBnXkFtZTYwOTYzMjg4._V1_SX300.jpg,English,USA
260,457430,Pan's Labyrinth,2006,R,118 min,"Drama, Fantasy, War",Guillermo del Toro,"Ivana Baquero, Sergi L�pez, Maribel Verd�, Doug Jones",8.3,https://m.media-amazon.com/images/M/MV5BMTU3ODg2NjQ5NF5BMl5BanBnXkFtZTcwMDEwODgzMQ@@._V1_SX300.jpg,Spanish,"Spain, Mexico, USA"
261,121164,Corpse Bride,2005,PG,77 min,"Animation, Fantasy, Musical","Tim Burton, Mike Johnson","Johnny Depp, Helena Bonham Carter, Emily Watson, Tracey Ullman",7.4,https://m.media-amazon.com/images/M/MV5BMTk1MTY1NjU4MF5BMl5BanBnXkFtZTcwNjIzMTEzMw@@._V1_SX300.jpg,English,"UK, USA"
262,63522,Rosemary's Baby,1968,R,136 min,"Drama, Horror",Roman Polanski,"Mia Farrow, John Cassavetes, Ruth Gordon, Sidney Blackmer",8,https://m.media-amazon.com/images/M/MV5BMTY0NzkxMzIwM15BMl5BanBnXkFtZTcwMjg2Njk3OA@@._V1_SX300.jpg,English,USA
263,340377,The Station Agent,2003,R,89 min,"Comedy, Drama",Tom McCarthy,"Peter Dinklage, Paul Benjamin, Jase Blankfort, Paula Garc�s",7.7,https://m.media-amazon.com/images/M/MV5BMTUzNDgyMzg3Ml5BMl5BanBnXkFtZTcwMzIxNTAwMQ@@._V1_SX300.jpg,"English, Spanish",USA
264,198781,"Monsters, Inc.",2001,G,92 min,"Animation, Adventure, Comedy","Pete Docter, David Silverman, Lee Unkrich","John Goodman, Billy Crystal, Mary Gibbs, Steve Buscemi",8.1,https://m.media-amazon.com/images/M/MV5BMTY1NTI0ODUyOF5BMl5BanBnXkFtZTgwNTEyNjQ0MDE@._V1_SX300.jpg,English,USA
265,1029234,Martyrs,2008,R,99 min,"Drama, Horror, Mystery",Pascal Laugier,"Morjana Alaoui, Myl�ne Jampano�, Catherine B�gin, Robert Toupin",7.1,https://m.media-amazon.com/images/M/MV5BMTczMTAxOTI1Nl5BMl5BanBnXkFtZTcwMTYyMzE1Mg@@._V1_SX300.jpg,French,"France, Canada"
266,70735,The Sting,1973,PG,129 min,"Comedy, Crime, Drama",George Roy Hill,"Paul Newman, Robert Redford, Robert Shaw, Charles Durning",8.4,"https://m.media-amazon.com/images/M/MV5BMTY5MjM1OTAyOV5BMl5BanBnXkFtZTgwMDkwODg4MDE@._V1._CR52,57,915,1388_SX89_AL_.jpg_V1_SX300.jpg",English,USA
267,58385,My Fair Lady,1964,APPROVED,170 min,"Drama, Family, Musical",George Cukor,"Audrey Hepburn, Rex Harrison, Stanley Holloway, Wilfrid Hyde-White",7.9,https://m.media-amazon.com/images/M/MV5BMjA5MTEzMzE4MF5BMl5BanBnXkFtZTcwMDAzMTUyMg@@._V1_SX300.jpg,English,USA
268,159097,The Virgin Suicides,1999,R,97 min,"Drama, Romance",Sofia Coppola,"James Woods, Kathleen Turner, Kirsten Dunst, Josh Hartnett",7.2,https://m.media-amazon.com/images/M/MV5BNjA1NjExMzkwN15BMl5BanBnXkFtZTcwMjEzMjk3OA@@._V1_SX300.jpg,English,USA
269,203009,Moulin Rouge!,2001,PG-13,127 min,"Drama, Musical, Romance",Baz Luhrmann,"Nicole Kidman, Ewan McGregor, John Leguizamo, Jim Broadbent",7.7,https://m.media-amazon.com/images/M/MV5BMTk5Mjg0MzM3MV5BMl5BanBnXkFtZTcwMTEyMjcxMQ@@._V1_SX300.jpg,"English, French, Spanish","USA, Australia"
270,92991,Evil Dead II,1987,X,84 min,"Comedy, Horror",Sam Raimi,"Bruce Campbell, Sarah Berry, Dan Hicks, Kassie Wesley DePaiva",7.8,https://m.media-amazon.com/images/M/MV5BMTI0ODQzMzY5N15BMl5BanBnXkFtZTYwMDE0NTU5._V1_SX300.jpg,English,USA
271,1164999,Biutiful,2010,R,148 min,Drama,Alejandro Gonz�lez I��rritu,"Javier Bardem, Maricel �lvarez, Hanaa Bouchaib, Guillermo Estrella",7.5,https://m.media-amazon.com/images/M/MV5BMzI4OTQ0MDQyNl5BMl5BanBnXkFtZTcwODY5MjQwNA@@._V1_SX300.jpg,"Spanish, Chinese, Wolof","Mexico, Spain"
272,2294629,Frozen,2013,PG,102 min,"Animation, Adventure, Comedy","Chris Buck, Jennifer Lee","Kristen Bell, Idina Menzel, Jonathan Groff, Josh Gad",7.6,https://m.media-amazon.com/images/M/MV5BMTQ1MjQwMTE5OF5BMl5BanBnXkFtZTgwNjk3MTcyMDE@._V1_SX300.jpg,"English, Icelandic",USA
273,185014,Wonder Boys,2000,R,107 min,"Comedy, Drama",Curtis Hanson,"Michael Douglas, Tobey Maguire, Frances McDormand, Robert Downey Jr.",7.4,https://m.media-amazon.com/images/M/MV5BMjE3NDM1NDgyN15BMl5BanBnXkFtZTcwMzg4MDQyMQ@@._V1_SX300.jpg,English,"USA, Germany, UK, Japan"
274,113627,Leaving Las Vegas,1995,R,111 min,"Drama, Romance",Mike Figgis,"Nicolas Cage, Elisabeth Shue, Julian Sands, Richard Lewis",7.6,https://m.media-amazon.com/images/M/MV5BNDg3MDM5NTI0MF5BMl5BanBnXkFtZTcwNDY0NDk0NA@@._V1_SX300.jpg,"English, Russian",USA
275,290673,Irreversible,2002,NOT RATED,97 min,"Crime, Drama, Mystery",Gaspar No�,"Monica Bellucci, Vincent Cassel, Albert Dupontel, Jo Prestia",7.4,https://m.media-amazon.com/images/M/MV5BMzcyNjcwNzg2Nl5BMl5BanBnXkFtZTYwNzA5Mzc2._V1_SX300.jpg,"French, Spanish, Italian, English",France
276,443272,Lincoln,2012,PG-13,150 min,"Biography, Drama, History",Steven Spielberg,"Daniel Day-Lewis, Sally Field, David Strathairn, Joseph Gordon-Levitt",7.4,https://m.media-amazon.com/images/M/MV5BMTQzNzczMDUyNV5BMl5BanBnXkFtZTcwNjM2ODEzOA@@._V1_SX300.jpg,English,"USA, India"
277,1790885,Zero Dark Thirty,2012,R,157 min,"Drama, History, Thriller",Kathryn Bigelow,"Jason Clarke, Reda Kateb, Jessica Chastain, Kyle Chandler",7.4,https://m.media-amazon.com/images/M/MV5BMTQ4OTUyNzcwN15BMl5BanBnXkFtZTcwMTQ1NDE3OA@@._V1_SX300.jpg,"English, Arabic",USA
278,96754,The Abyss,1989,PG-13,145 min,"Adventure, Drama, Sci-Fi",James Cameron,"Ed Harris, Mary Elizabeth Mastrantonio, Michael Biehn, Leo Burmester",7.6,https://m.media-amazon.com/images/M/MV5BMTIwMDA4MTEzMF5BMl5BanBnXkFtZTcwMTcxMTU1MQ@@._V1_SX300.jpg,English,USA
279,285742,Monster's Ball,2001,R,111 min,"Drama, Romance",Marc Forster,"Billy Bob Thornton, Halle Berry, Taylor Simpson, Gabrielle Witcher",7.1,https://m.media-amazon.com/images/M/MV5BMTQ5Mzk4NjgwMF5BMl5BanBnXkFtZTYwMzgxNzY2._V1_SX300.jpg,English,USA
280,119008,Donnie Brasco,1997,R,127 min,"Biography, Crime, Drama",Mike Newell,"Al Pacino, Johnny Depp, Michael Madsen, Bruno Kirby",7.8,https://m.media-amazon.com/images/M/MV5BNjYwMTI0NzUzOV5BMl5BanBnXkFtZTgwNjk3NjQxMTE@._V1_SX300.jpg,"English, Italian, Japanese",USA
281,396171,Perfume: The Story of a Murderer,2006,R,147 min,"Crime, Drama, Fantasy",Tom Tykwer,"Ben Whishaw, Francesc Albiol, Gonzalo Cunill, Roger Salvany",7.5,https://m.media-amazon.com/images/M/MV5BMTI0NjUyMTk3Nl5BMl5BanBnXkFtZTcwOTA5MzkzMQ@@._V1_SX300.jpg,English,"Germany, France, Spain"
282,1189073,The Skin I Live In,2011,R,120 min,Thriller,Pedro Almod�var,"Antonio Banderas, Elena Anaya, Marisa Paredes, Jan Cornet",7.6,https://m.media-amazon.com/images/M/MV5BMjMwOTYyNDY4NV5BMl5BanBnXkFtZTcwNDI1ODk0Ng@@._V1_SX300.jpg,Spanish,Spain
283,1392214,Prisoners,2013,R,153 min,"Crime, Drama, Mystery",Denis Villeneuve,"Hugh Jackman, Jake Gyllenhaal, Viola Davis, Maria Bello",8.1,https://m.media-amazon.com/images/M/MV5BMTg0NTIzMjQ1NV5BMl5BanBnXkFtZTcwNDc3MzM5OQ@@._V1_SX300.jpg,English,USA
284,450259,Blood Diamond,2006,R,143 min,"Adventure, Drama, Thriller",Edward Zwick,"Leonardo DiCaprio, Djimon Hounsou, Jennifer Connelly, Kagiso Kuypers",8,https://m.media-amazon.com/images/M/MV5BMTY5MTYyNjkwNV5BMl5BanBnXkFtZTcwODE3MTI0MQ@@._V1_SX300.jpg,"English, Mende, Afrikaans","Germany, USA"
285,108399,True Romance,1993,R,120 min,"Crime, Drama, Thriller",Tony Scott,"Christian Slater, Patricia Arquette, Dennis Hopper, Val Kilmer",8,https://m.media-amazon.com/images/M/MV5BMTMxMTM3MDIwM15BMl5BanBnXkFtZTcwMDYyOTUyMg@@._V1_SX300.jpg,"English, Italian","USA, France"
286,171804,Boys Don't Cry,1999,R,118 min,"Biography, Drama, Romance",Kimberly Peirce,"Hilary Swank, Chlo� Sevigny, Peter Sarsgaard, Brendan Sexton III",7.6,https://m.media-amazon.com/images/M/MV5BMTg3NDY0NjcyNV5BMl5BanBnXkFtZTYwNTE0Njk4._V1_SX300.jpg,English,USA
287,84707,Sophie's Choice,1982,R,150 min,"Drama, Romance",Alan J. Pakula,"Meryl Streep, Kevin Kline, Peter MacNicol, Rita Karin",7.7,https://m.media-amazon.com/images/M/MV5BNDIzODc3Mjk5M15BMl5BanBnXkFtZTYwNDc5NDc5._V1_SX300.jpg,"English, Polish, German, French, Russian","UK, USA"
288,358273,Walk the Line,2005,PG-13,136 min,"Biography, Drama, Music",James Mangold,"Joaquin Phoenix, Reese Witherspoon, Ginnifer Goodwin, Robert Patrick",7.9,https://m.media-amazon.com/images/M/MV5BMjIyOTU3MjUxOF5BMl5BanBnXkFtZTcwMTQ0NjYzMw@@._V1_SX300.jpg,"English, Russian","USA, Germany"
289,361862,The Machinist,2004,R,101 min,"Drama, Thriller",Brad Anderson,"Christian Bale, Jennifer Jason Leigh, Aitana S�nchez-Gij�n, John Sharian",7.7,https://m.media-amazon.com/images/M/MV5BMTkxMjc0Nzk3Ml5BMl5BanBnXkFtZTcwNDM5MTcyMQ@@._V1_SX300.jpg,"English, Spanish","Spain, USA"
290,1038043,Mammoth,2009,,125 min,Drama,Lukas Moodysson,"Gael Garc�a Bernal, Michelle Williams, Marife Necesito, Sophie Nyweide",6.9,https://m.media-amazon.com/images/M/MV5BMTYzNzU3OTU2NV5BMl5BanBnXkFtZTcwMDc1NzQ5Mg@@._V1_SX300.jpg,"English, Tagalog, Thai","Sweden, Denmark, Germany"
291,74285,Carrie,1976,R,98 min,Horror,Brian De Palma,"Sissy Spacek, Piper Laurie, Amy Irving, William Katt",7.4,https://m.media-amazon.com/images/M/MV5BMTg1NjEwOTUxN15BMl5BanBnXkFtZTcwOTI0MTU0NA@@._V1_SX300.jpg,English,USA
292,212720,A.I. Artificial Intelligence,2001,PG-13,146 min,"Adventure, Drama, Sci-Fi",Steven Spielberg,"Haley Joel Osment, Frances O'Connor, Sam Robards, Jake Thomas",7.1,https://m.media-amazon.com/images/M/MV5BMTMwNDI0NjU1NF5BMl5BanBnXkFtZTcwNTcwOTI3MQ@@._V1_SX300.jpg,English,USA
293,482088,Priceless,2006,PG-13,106 min,"Comedy, Romance",Pierre Salvadori,"Audrey Tautou, Gad Elmaleh, Marie-Christine Adam, Vernon Dobtcheff",7.1,https://m.media-amazon.com/images/M/MV5BMTMxNzg3MzU5OF5BMl5BanBnXkFtZTcwMjI3Mzc4MQ@@._V1_SX300.jpg,"French, English",France
294,1707386,Les Mis�rables,2012,PG-13,158 min,"Drama, Musical, Romance",Tom Hooper,"Hugh Jackman, Russell Crowe, Anne Hathaway, Amanda Seyfried",7.6,https://m.media-amazon.com/images/M/MV5BMTQ4NDI3NDg4M15BMl5BanBnXkFtZTcwMjY5OTI1OA@@._V1_SX300.jpg,English,"USA, UK"
295,1230414,It's Complicated,2009,R,120 min,"Comedy, Romance",Nancy Meyers,"Meryl Streep, Steve Martin, Alec Baldwin, John Krasinski",6.6,https://m.media-amazon.com/images/M/MV5BMjQ0NjM2NTI4N15BMl5BanBnXkFtZTcwNjQ2MDc5Mg@@._V1_SX300.jpg,"English, French","USA, Japan"
296,241303,Chocolat,2000,PG-13,121 min,"Drama, Romance",Lasse Hallstr�m,"Alfred Molina, Carrie-Anne Moss, Aurelien Parent Koenig, Antonio Gil",7.3,https://m.media-amazon.com/images/M/MV5BMjA4MDI3NTQwMV5BMl5BanBnXkFtZTcwNjIzNDcyMQ@@._V1_SX300.jpg,"English, French","UK, USA"
297,399146,A History of Violence,2005,R,96 min,"Crime, Drama, Thriller",David Cronenberg,"Viggo Mortensen, Maria Bello, Ed Harris, William Hurt",7.5,https://m.media-amazon.com/images/M/MV5BMTczMzIzMTQ1OV5BMl5BanBnXkFtZTYwMDQwNjk2._V1_SX300.jpg,English,"USA, Germany, Canada"
298,166924,Mulholland Drive,2001,R,147 min,"Drama, Mystery, Thriller",David Lynch,"Naomi Watts, Jeanne Bates, Dan Birnbaum, Laura Harring",8,https://m.media-amazon.com/images/M/MV5BMjM1Njg2ODA4OF5BMl5BanBnXkFtZTgwMDM3Mjc1MDE@._V1_SX300.jpg,"English, Spanish","France, USA"
299,81398,Raging Bull,1980,R,129 min,"Biography, Drama, Sport",Martin Scorsese,"Robert De Niro, Cathy Moriarty, Joe Pesci, Frank Vincent",8.3,https://m.media-amazon.com/images/M/MV5BMjIxOTg3OTc5MF5BMl5BanBnXkFtZTcwNzkwNjMwNA@@._V1_SX300.jpg,English,USA
300,109506,The Crow,1994,R,102 min,"Action, Fantasy",Alex Proyas,"Brandon Lee, Rochelle Davis, Ernie Hudson, Michael Wincott",7.6,https://m.media-amazon.com/images/M/MV5BMTUxMzA1ODI3NF5BMl5BanBnXkFtZTgwNTg3NjQxMTE@._V1_SX300.jpg,English,USA
